Year,Country,Region,Economy (GDP per Capita),Family,Health (Life Expectancy),Freedom,Trust (Government Corruption),Generosity,Happiness Score,Happiness Rank
2015,Switzerland,Western Europe,1.3965100000000001,1.34951,0.9414299999999999,0.66557,0.41978000000000004,0.29678000000000004,7.587000000000001,1
2015,Iceland,Western Europe,1.3023200000000001,1.4022299999999999,0.94784,0.6287699999999999,0.14145,0.4363,7.561,2
2015,Denmark,Western Europe,1.32548,1.36058,0.87464,0.6493800000000001,0.48357,0.34139,7.527,3
2015,Norway,Western Europe,1.459,1.33095,0.88521,0.66973,0.36503,0.34699,7.522,4
2015,Canada,North America,1.32629,1.32261,0.9056299999999999,0.63297,0.32957,0.45811,7.4270000000000005,5
2015,Finland,Western Europe,1.29025,1.31826,0.8891100000000001,0.64169,0.41372,0.23351,7.406000000000001,6
2015,Netherlands,Western Europe,1.32944,1.28017,0.89284,0.6157600000000001,0.31814000000000003,0.4761,7.377999999999999,7
2015,Sweden,Western Europe,1.33171,1.2890700000000002,0.9108700000000001,0.6598,0.43843999999999994,0.36262,7.364,8
2015,New Zealand,Australia and New Zealand,1.2501799999999998,1.3196700000000001,0.9083700000000001,0.6393800000000001,0.42922,0.47501000000000004,7.2860000000000005,9
2015,Australia,Australia and New Zealand,1.33358,1.30923,0.93156,0.6512399999999999,0.35636999999999996,0.43562,7.284,10
2015,Israel,Middle East and Northern Africa,1.2285700000000002,1.22393,0.9138700000000001,0.41318999999999995,0.07785,0.33171999999999996,7.278,11
2015,Costa Rica,Latin America and Caribbean,0.95578,1.2378799999999999,0.8602700000000001,0.63376,0.10583,0.25497,7.226,12
2015,Austria,Western Europe,1.33723,1.29704,0.8904200000000001,0.62433,0.18675999999999998,0.33088,7.2,13
2015,Mexico,Latin America and Caribbean,1.02054,0.91451,0.8144399999999999,0.48181,0.21311999999999998,0.14074,7.187,14
2015,United States,North America,1.3945100000000001,1.24711,0.86179,0.54604,0.1589,0.40105,7.119,15
2015,Brazil,Latin America and Caribbean,0.98124,1.2328700000000001,0.69702,0.49049,0.17521,0.14574,6.983,16
2015,Luxembourg,Western Europe,1.5639100000000001,1.21963,0.91894,0.61583,0.37798000000000004,0.28034000000000003,6.946000000000001,17
2015,Ireland,Western Europe,1.33596,1.36948,0.89533,0.6177699999999999,0.28703,0.45901000000000003,6.94,18
2015,Belgium,Western Europe,1.30782,1.28566,0.8966700000000001,0.5845,0.2254,0.2225,6.937,19
2015,United Arab Emirates,Middle East and Northern Africa,1.42727,1.12575,0.80925,0.64157,0.38583,0.26428,6.901,20
2015,United Kingdom,Western Europe,1.26637,1.28548,0.90943,0.59625,0.32066999999999996,0.51912,6.867000000000001,21
2015,Oman,Middle East and Northern Africa,1.36011,1.08182,0.76276,0.63274,0.32524000000000003,0.21541999999999997,6.853,22
2015,Venezuela,Latin America and Caribbean,1.04424,1.25596,0.7205199999999999,0.42908,0.11069000000000001,0.058410000000000004,6.81,23
2015,Singapore,Southeastern Asia,1.52186,1.02,1.02525,0.54252,0.4921,0.31105,6.797999999999999,24
2015,Panama,Latin America and Caribbean,1.0635299999999999,1.1985,0.79661,0.5421,0.0927,0.24434,6.7860000000000005,25
2015,Germany,Western Europe,1.32792,1.2993700000000001,0.89186,0.6147699999999999,0.21843,0.28214,6.75,26
2015,Chile,Latin America and Caribbean,1.10715,1.12447,0.85857,0.44132,0.12869,0.33363000000000004,6.67,27
2015,Qatar,Middle East and Northern Africa,1.69042,1.0786,0.79733,0.6404,0.52208,0.32573,6.611000000000001,28
2015,France,Western Europe,1.27778,1.2603799999999998,0.9457899999999999,0.55011,0.20646,0.12332,6.575,29
2015,Argentina,Latin America and Caribbean,1.05351,1.24823,0.78723,0.44974,0.08484,0.11450999999999999,6.574,30
2015,Czech Republic,Central and Eastern Europe,1.17898,1.20643,0.84483,0.46363999999999994,0.02652,0.10686,6.505,31
2015,Uruguay,Latin America and Caribbean,1.06166,1.2089,0.8116,0.6036199999999999,0.24558000000000002,0.2324,6.485,32
2015,Colombia,Latin America and Caribbean,0.91861,1.2401799999999998,0.69077,0.53466,0.0512,0.18400999999999998,6.477,33
2015,Thailand,Southeastern Asia,0.9669,1.26504,0.7385,0.5566399999999999,0.031869999999999996,0.5763,6.455,34
2015,Saudi Arabia,Middle East and Northern Africa,1.39541,1.0839299999999998,0.72025,0.31048000000000003,0.32524000000000003,0.13706,6.4110000000000005,35
2015,Spain,Western Europe,1.23011,1.31379,0.95562,0.45951000000000003,0.06398,0.18227000000000002,6.329,36
2015,Malta,Western Europe,1.2074,1.30203,0.88721,0.60365,0.13585999999999998,0.51752,6.3020000000000005,37
2015,Taiwan,Eastern Asia,1.29098,1.07617,0.8753,0.3974,0.08129,0.25376,6.297999999999999,38
2015,Kuwait,Middle East and Northern Africa,1.5542200000000002,1.16594,0.72492,0.55499,0.25609,0.16228,6.295,39
2015,Suriname,Latin America and Caribbean,0.99534,0.972,0.6082,0.5965699999999999,0.13633,0.16990999999999998,6.269,40
2015,Trinidad and Tobago,Latin America and Caribbean,1.21183,1.18354,0.61483,0.55884,0.0114,0.31844,6.167999999999999,41
2015,El Salvador,Latin America and Caribbean,0.76454,1.0250700000000001,0.67737,0.4035,0.11775999999999999,0.10692,6.13,42
2015,Guatemala,Latin America and Caribbean,0.74553,1.04356,0.64425,0.57733,0.09472,0.27489,6.122999999999999,43
2015,Uzbekistan,Central and Eastern Europe,0.63244,1.34043,0.59772,0.6582100000000001,0.30826,0.22837,6.002999999999999,44
2015,Slovakia,Central and Eastern Europe,1.1689100000000001,1.26999,0.7890199999999999,0.31751,0.03431,0.16893,5.995,45
2015,Japan,Eastern Asia,1.27074,1.25712,0.99111,0.49615,0.1806,0.10705,5.987,46
2015,South Korea,Eastern Asia,1.24461,0.9577399999999999,0.9653799999999999,0.33208000000000004,0.07857,0.18557,5.984,47
2015,Ecuador,Latin America and Caribbean,0.8640200000000001,0.99903,0.79075,0.48573999999999995,0.1809,0.11540999999999998,5.975,48
2015,Bahrain,Middle East and Northern Africa,1.32376,1.21624,0.74716,0.45492,0.306,0.17362,5.96,49
2015,Italy,Western Europe,1.25114,1.19777,0.9544600000000001,0.26236,0.02901,0.22823000000000002,5.9479999999999995,50
2015,Bolivia,Latin America and Caribbean,0.68133,0.97841,0.5392,0.57414,0.08800000000000001,0.20536,5.89,51
2015,Moldova,Central and Eastern Europe,0.59448,1.01528,0.61826,0.32818,0.01615,0.20951,5.888999999999999,52
2015,Paraguay,Latin America and Caribbean,0.75985,1.30477,0.66098,0.53899,0.08242000000000001,0.3424,5.877999999999999,53
2015,Kazakhstan,Central and Eastern Europe,1.1225399999999999,1.1224100000000001,0.64368,0.51649,0.08454,0.11827,5.855,54
2015,Slovenia,Central and Eastern Europe,1.18498,1.27385,0.8733700000000001,0.60855,0.03787,0.25328,5.848,55
2015,Lithuania,Central and Eastern Europe,1.14723,1.25745,0.73128,0.21341999999999997,0.01031,0.026410000000000003,5.832999999999999,56
2015,Nicaragua,Latin America and Caribbean,0.59325,1.14184,0.7431399999999999,0.55475,0.19317,0.27815,5.827999999999999,57
2015,Peru,Latin America and Caribbean,0.9001899999999999,0.97459,0.73017,0.41496000000000005,0.05989,0.14982,5.824,58
2015,Belarus,Central and Eastern Europe,1.0319200000000002,1.23289,0.7360800000000001,0.37938,0.1909,0.11045999999999999,5.813,59
2015,Poland,Central and Eastern Europe,1.12555,1.27948,0.77903,0.53122,0.04212,0.16759000000000002,5.791,60
2015,Malaysia,Southeastern Asia,1.12486,1.07023,0.7239399999999999,0.5302399999999999,0.10500999999999999,0.33075,5.77,61
2015,Croatia,Central and Eastern Europe,1.08254,0.79624,0.78805,0.25883,0.0243,0.054439999999999995,5.7589999999999995,62
2015,Libya,Middle East and Northern Africa,1.13145,1.1186200000000002,0.7038,0.41668,0.11023,0.18295,5.754,63
2015,Russia,Central and Eastern Europe,1.13764,1.23617,0.6692600000000001,0.36679,0.03005,0.00199,5.716,64
2015,Jamaica,Latin America and Caribbean,0.81038,1.1510200000000002,0.6874100000000001,0.50442,0.02299,0.2123,5.709,65
2015,North Cyprus,Western Europe,1.2080600000000001,1.07008,0.92356,0.49027,0.1428,0.26169000000000003,5.695,66
2015,Cyprus,Western Europe,1.20813,0.89318,0.92356,0.40671999999999997,0.06146,0.30638000000000004,5.689,67
2015,Algeria,Middle East and Northern Africa,0.93929,1.07772,0.61766,0.28579,0.17382999999999998,0.07822,5.605,68
2015,Kosovo,Central and Eastern Europe,0.80148,0.81198,0.63132,0.24749000000000002,0.04741,0.2831,5.5889999999999995,69
2015,Turkmenistan,Central and Eastern Europe,0.95847,1.22668,0.53886,0.4761,0.30844,0.16979,5.547999999999999,70
2015,Mauritius,Sub-Saharan Africa,1.0076100000000001,0.98521,0.7095,0.56066,0.07521,0.37744,5.477,71
2015,Hong Kong,Eastern Asia,1.38604,1.05818,1.01328,0.59608,0.37124,0.39478,5.474,72
2015,Estonia,Central and Eastern Europe,1.15174,1.22791,0.77361,0.44888,0.15184,0.0868,5.428999999999999,73
2015,Indonesia,Southeastern Asia,0.8282700000000001,1.0870799999999998,0.63793,0.46611,0.0,0.51535,5.399,74
2015,Vietnam,Southeastern Asia,0.63216,0.9122600000000001,0.7467600000000001,0.59444,0.10440999999999999,0.1686,5.36,75
2015,Turkey,Middle East and Northern Africa,1.06098,0.94632,0.73172,0.22815,0.15746,0.12253,5.332000000000001,76
2015,Kyrgyzstan,Central and Eastern Europe,0.47428000000000003,1.15115,0.65088,0.43477,0.042319999999999997,0.3003,5.2860000000000005,77
2015,Nigeria,Sub-Saharan Africa,0.65435,0.9043200000000001,0.16007000000000002,0.34334000000000003,0.0403,0.27233,5.268,78
2015,Bhutan,Southern Asia,0.77042,1.10395,0.57407,0.5320600000000001,0.15445,0.47998,5.252999999999999,79
2015,Azerbaijan,Central and Eastern Europe,1.02389,0.9379299999999999,0.64045,0.3703,0.16065,0.07799,5.212000000000001,80
2015,Pakistan,Southern Asia,0.59543,0.41411000000000003,0.51466,0.12102,0.10464000000000001,0.33671,5.194,81
2015,Jordan,Middle East and Northern Africa,0.9019799999999999,1.05392,0.69639,0.40660999999999997,0.14293,0.11052999999999999,5.192,82
2015,Montenegro,Central and Eastern Europe,0.9743799999999999,0.9055700000000001,0.72521,0.1826,0.14296,0.1614,5.192,82
2015,China,Eastern Asia,0.89012,0.94675,0.81658,0.5169699999999999,0.02781,0.08185,5.14,84
2015,Zambia,Sub-Saharan Africa,0.47038,0.91612,0.29924,0.48827,0.12468,0.19591,5.129,85
2015,Romania,Central and Eastern Europe,1.04345,0.8858799999999999,0.7689,0.35068,0.006490000000000001,0.13748,5.124,86
2015,Serbia,Central and Eastern Europe,0.92053,1.0096399999999999,0.74836,0.20107,0.02617,0.19230999999999998,5.122999999999999,87
2015,Portugal,Western Europe,1.15991,1.13935,0.8751899999999999,0.51469,0.01078,0.13719,5.102,88
2015,Latvia,Central and Eastern Europe,1.11312,1.09562,0.72437,0.29671,0.06332,0.18225999999999998,5.098,89
2015,Philippines,Southeastern Asia,0.70532,1.03516,0.58114,0.62545,0.12279000000000001,0.24991,5.073,90
2015,Somaliland region,Sub-Saharan Africa,0.18847,0.95152,0.43873,0.46581999999999996,0.39928,0.5031800000000001,5.0569999999999995,91
2015,Morocco,Middle East and Northern Africa,0.7347899999999999,0.64095,0.60954,0.41691000000000006,0.08546000000000001,0.07172,5.013,92
2015,Macedonia,Central and Eastern Europe,0.91851,1.00232,0.73545,0.33457,0.053270000000000005,0.22359,5.007,93
2015,Mozambique,Sub-Saharan Africa,0.08308,1.02626,0.09131,0.34037,0.15603,0.22269,4.971,94
2015,Albania,Central and Eastern Europe,0.8786700000000001,0.8043399999999999,0.81325,0.35733000000000004,0.06412999999999999,0.14272,4.959,95
2015,Bosnia and Herzegovina,Central and Eastern Europe,0.8322299999999999,0.9191600000000001,0.79081,0.09245,0.00227,0.24808000000000002,4.949,96
2015,Lesotho,Sub-Saharan Africa,0.37545,1.04103,0.07612000000000001,0.31767,0.12504,0.16388,4.898,97
2015,Dominican Republic,Latin America and Caribbean,0.8953700000000001,1.17202,0.66825,0.57672,0.14234000000000002,0.21684,4.885,98
2015,Laos,Southeastern Asia,0.5906600000000001,0.73803,0.54909,0.59591,0.24249,0.42191999999999996,4.876,99
2015,Mongolia,Eastern Asia,0.82819,1.3006,0.60268,0.43626000000000004,0.026660000000000003,0.3323,4.874,100
2015,Swaziland,Sub-Saharan Africa,0.71206,1.07284,0.07566,0.30658,0.0306,0.18259,4.867,101
2015,Greece,Western Europe,1.15406,0.9293299999999999,0.88213,0.07699,0.013969999999999998,0.0,4.857,102
2015,Lebanon,Middle East and Northern Africa,1.0256399999999999,0.80001,0.83947,0.33916,0.04582,0.21854,4.8389999999999995,103
2015,Hungary,Central and Eastern Europe,1.12094,1.20215,0.75905,0.32111999999999996,0.02758,0.128,4.8,104
2015,Honduras,Latin America and Caribbean,0.59532,0.9534799999999999,0.6951,0.40148,0.06825,0.23026999999999997,4.788,105
2015,Tajikistan,Central and Eastern Europe,0.39047,0.8556299999999999,0.5737899999999999,0.47216,0.15072,0.22974,4.7860000000000005,106
2015,Tunisia,Middle East and Northern Africa,0.88113,0.60429,0.73793,0.26268,0.06358,0.06431,4.739,107
2015,Palestinian Territories,Middle East and Northern Africa,0.59867,0.92558,0.66015,0.24499,0.12905,0.11250999999999999,4.715,108
2015,Bangladesh,Southern Asia,0.39753,0.43106000000000005,0.60164,0.4082,0.12569,0.21222,4.694,109
2015,Iran,Middle East and Northern Africa,1.0088,0.54447,0.69805,0.30033000000000004,0.058629999999999995,0.38086,4.686,110
2015,Ukraine,Central and Eastern Europe,0.79907,1.20278,0.6739,0.25123,0.02961,0.15275,4.681,111
2015,Iraq,Middle East and Northern Africa,0.98549,0.81889,0.60237,0.0,0.13788,0.17922000000000002,4.677,112
2015,South Africa,Sub-Saharan Africa,0.9204899999999999,1.18468,0.27688,0.33207,0.08884,0.11972999999999999,4.6419999999999995,113
2015,Ghana,Sub-Saharan Africa,0.5455800000000001,0.6795399999999999,0.40131999999999995,0.42341999999999996,0.04355,0.23087,4.633,114
2015,Zimbabwe,Sub-Saharan Africa,0.271,1.0327600000000001,0.33475,0.25861,0.08079,0.18987,4.61,115
2015,Liberia,Sub-Saharan Africa,0.0712,0.78968,0.34201,0.28531,0.06232000000000001,0.24361999999999998,4.571000000000001,116
2015,India,Southern Asia,0.64499,0.38174,0.5152899999999999,0.39786,0.08492000000000001,0.26475,4.565,117
2015,Sudan,Sub-Saharan Africa,0.52107,1.01404,0.36878,0.10081,0.1466,0.19062,4.55,118
2015,Haiti,Latin America and Caribbean,0.26673,0.74302,0.38847,0.24425,0.17175,0.46187,4.518,119
2015,Congo (Kinshasa),Sub-Saharan Africa,0.0,1.0012,0.09806000000000001,0.22605,0.07625,0.24834,4.5169999999999995,120
2015,Nepal,Southern Asia,0.35996999999999996,0.86449,0.5687399999999999,0.38282,0.059070000000000004,0.32295999999999997,4.513999999999999,121
2015,Ethiopia,Sub-Saharan Africa,0.19072999999999998,0.60406,0.44055,0.4345,0.15048,0.24325,4.512,122
2015,Sierra Leone,Sub-Saharan Africa,0.33024000000000003,0.9557100000000001,0.0,0.4084,0.08786000000000001,0.21488000000000002,4.507,123
2015,Mauritania,Sub-Saharan Africa,0.45407,0.86908,0.35874,0.24231999999999998,0.17461,0.21899999999999997,4.436,124
2015,Kenya,Sub-Saharan Africa,0.36471,0.99876,0.41435,0.42215,0.05839,0.37542,4.419,125
2015,Djibouti,Sub-Saharan Africa,0.44025,0.59207,0.36291,0.46074,0.28105,0.18093,4.369,126
2015,Armenia,Central and Eastern Europe,0.7682100000000001,0.7771100000000001,0.7299,0.19847,0.039,0.07855,4.35,127
2015,Botswana,Sub-Saharan Africa,0.99355,1.10464,0.047760000000000004,0.49495,0.12474,0.10461,4.332,128
2015,Myanmar,Southeastern Asia,0.27108000000000004,0.70905,0.48246000000000006,0.44017,0.19034,0.79588,4.3069999999999995,129
2015,Georgia,Central and Eastern Europe,0.7419,0.38561999999999996,0.72926,0.40576999999999996,0.38331,0.055470000000000005,4.297,130
2015,Malawi,Sub-Saharan Africa,0.016040000000000002,0.41134,0.22562,0.43054,0.06977,0.33128,4.292,131
2015,Sri Lanka,Southern Asia,0.83524,1.01905,0.70806,0.5372600000000001,0.09179,0.40828000000000003,4.271,132
2015,Cameroon,Sub-Saharan Africa,0.4225,0.8876700000000001,0.23401999999999998,0.49309,0.05786,0.20618000000000003,4.252,133
2015,Bulgaria,Central and Eastern Europe,1.01216,1.10614,0.76649,0.30587,0.00872,0.11921,4.218,134
2015,Egypt,Middle East and Northern Africa,0.8818,0.747,0.61712,0.17288,0.06324,0.11291,4.194,135
2015,Yemen,Middle East and Northern Africa,0.5464899999999999,0.68093,0.40064,0.35570999999999997,0.07854,0.09131,4.077,136
2015,Angola,Sub-Saharan Africa,0.75778,0.8604,0.16683,0.10384000000000002,0.07122,0.12344000000000001,4.033,137
2015,Mali,Sub-Saharan Africa,0.26074,1.03526,0.20583,0.38856999999999997,0.12352,0.18798,3.995,138
2015,Congo (Brazzaville),Sub-Saharan Africa,0.67866,0.6629,0.31051,0.41466000000000003,0.11685999999999999,0.12387999999999999,3.989,139
2015,Comoros,Sub-Saharan Africa,0.23906,0.79273,0.36315,0.22916999999999998,0.19899999999999998,0.17440999999999998,3.9560000000000004,140
2015,Uganda,Sub-Saharan Africa,0.21101999999999999,1.13299,0.33860999999999997,0.45726999999999995,0.07267,0.29066,3.931,141
2015,Senegal,Sub-Saharan Africa,0.36498,0.97619,0.4354,0.36772,0.10712999999999999,0.20843000000000003,3.904,142
2015,Gabon,Sub-Saharan Africa,1.06024,0.90528,0.43372,0.31914000000000003,0.11091,0.06822,3.8960000000000004,143
2015,Niger,Sub-Saharan Africa,0.0694,0.77265,0.29707,0.47691999999999996,0.15639,0.19387000000000001,3.845,144
2015,Cambodia,Southeastern Asia,0.46038,0.62736,0.61114,0.66246,0.07247,0.40359,3.819,145
2015,Tanzania,Sub-Saharan Africa,0.2852,1.00268,0.38215,0.32878,0.05747000000000001,0.34376999999999996,3.781,146
2015,Madagascar,Sub-Saharan Africa,0.20824,0.66801,0.46721,0.19184,0.08123999999999999,0.21333000000000002,3.681,147
2015,Central African Republic,Sub-Saharan Africa,0.0785,0.0,0.06699,0.48878999999999995,0.08288999999999999,0.23835,3.678,148
2015,Chad,Sub-Saharan Africa,0.34193,0.76062,0.1501,0.23501,0.05269,0.18386,3.667,149
2015,Guinea,Sub-Saharan Africa,0.17417,0.46475,0.24009,0.37725,0.12139000000000001,0.28657,3.656,150
2015,Ivory Coast,Sub-Saharan Africa,0.46534,0.77115,0.15185,0.46866,0.17922000000000002,0.20165,3.655,151
2015,Burkina Faso,Sub-Saharan Africa,0.25811999999999996,0.85188,0.27125,0.39493,0.12832000000000002,0.21746999999999997,3.5869999999999997,152
2015,Afghanistan,Southern Asia,0.31982,0.30285,0.30335,0.23414000000000001,0.09719,0.3651,3.575,153
2015,Rwanda,Sub-Saharan Africa,0.22208000000000003,0.7737,0.42863999999999997,0.59201,0.55191,0.22628,3.465,154
2015,Benin,Sub-Saharan Africa,0.28665,0.35386,0.3191,0.4845,0.0801,0.1826,3.34,155
2015,Syria,Middle East and Northern Africa,0.6632,0.47489,0.7219300000000001,0.15684,0.18905999999999998,0.47179,3.0060000000000002,156
2015,Burundi,Sub-Saharan Africa,0.0153,0.41586999999999996,0.22396,0.1185,0.10062,0.19727,2.905,157
2015,Togo,Sub-Saharan Africa,0.20868,0.13995,0.28443,0.36453,0.10730999999999999,0.16680999999999999,2.839,158
2016,Denmark,Western Europe,1.4417799999999998,1.16374,0.79504,0.5794100000000001,0.44453000000000004,0.36171,7.526,1
2016,Switzerland,Western Europe,1.5273299999999999,1.14524,0.86303,0.58557,0.41203,0.28083,7.5089999999999995,2
2016,Iceland,Western Europe,1.42666,1.18326,0.8673299999999999,0.56624,0.14975,0.47678000000000004,7.501,3
2016,Norway,Western Europe,1.57744,1.1269,0.79579,0.59609,0.35775999999999997,0.37895,7.497999999999999,4
2016,Finland,Western Europe,1.40598,1.1346399999999999,0.81091,0.57104,0.41003999999999996,0.25492,7.412999999999999,5
2016,Canada,North America,1.44015,1.0961,0.8276,0.5737,0.31329,0.44833999999999996,7.404,6
2016,Netherlands,Western Europe,1.46468,1.02912,0.8123100000000001,0.55211,0.29927,0.47416,7.3389999999999995,7
2016,New Zealand,Australia and New Zealand,1.36066,1.17278,0.83096,0.5814699999999999,0.41903999999999997,0.49401000000000006,7.334,8
2016,Australia,Australia and New Zealand,1.4444299999999999,1.10476,0.8512,0.5683699999999999,0.32331,0.47407,7.313,9
2016,Sweden,Western Europe,1.45181,1.08764,0.83121,0.58218,0.40867,0.38254,7.291,10
2016,Israel,Middle East and Northern Africa,1.33766,0.9953700000000001,0.8491700000000001,0.36432,0.08728,0.32288,7.267,11
2016,Austria,Western Europe,1.45038,1.0838299999999998,0.80565,0.54355,0.21348000000000003,0.32865,7.119,12
2016,United States,North America,1.50796,1.04782,0.779,0.48163,0.14868,0.41076999999999997,7.104,13
2016,Costa Rica,Latin America and Caribbean,1.06879,1.02152,0.76146,0.55225,0.10547000000000001,0.22553,7.087000000000001,14
2016,Puerto Rico,Latin America and Caribbean,1.35943,1.08113,0.77758,0.46823000000000004,0.12275,0.22202,7.039,15
2016,Germany,Western Europe,1.44787,1.09774,0.81487,0.53466,0.28551,0.30451999999999996,6.994,16
2016,Brazil,Latin America and Caribbean,1.08754,1.03938,0.61415,0.40425,0.14165999999999998,0.15775999999999998,6.952000000000001,17
2016,Belgium,Western Europe,1.42539,1.05249,0.8195899999999999,0.51354,0.26248,0.2424,6.928999999999999,18
2016,Ireland,Western Europe,1.4834100000000001,1.16157,0.81455,0.54008,0.29754,0.44963000000000003,6.907,19
2016,Luxembourg,Western Europe,1.6975200000000001,1.03999,0.8454200000000001,0.5487,0.35329,0.27571,6.871,20
2016,Mexico,Latin America and Caribbean,1.1150799999999998,0.7146,0.71143,0.37709000000000004,0.18355,0.11735,6.778,21
2016,Singapore,Southeastern Asia,1.64555,0.8675799999999999,0.94719,0.4877,0.46986999999999995,0.32706,6.739,22
2016,United Kingdom,Western Europe,1.40283,1.0867200000000001,0.80991,0.50036,0.27399,0.50156,6.725,23
2016,Chile,Latin America and Caribbean,1.2167,0.9058700000000001,0.8188300000000001,0.37789,0.11450999999999999,0.31595,6.705,24
2016,Panama,Latin America and Caribbean,1.18306,0.9891200000000001,0.70835,0.48927,0.08423,0.2418,6.7010000000000005,25
2016,Argentina,Latin America and Caribbean,1.15137,1.0661200000000002,0.69711,0.42283999999999994,0.07296,0.10989000000000002,6.65,26
2016,Czech Republic,Central and Eastern Europe,1.30915,1.00793,0.76376,0.41418,0.03986,0.09929,6.596,27
2016,United Arab Emirates,Middle East and Northern Africa,1.57352,0.8711399999999999,0.72993,0.56215,0.35561,0.26591,6.5729999999999995,28
2016,Uruguay,Latin America and Caribbean,1.18157,1.0314299999999998,0.72183,0.54388,0.21394000000000002,0.18056,6.545,29
2016,Malta,Western Europe,1.30782,1.09879,0.80315,0.54994,0.17554,0.56237,6.4879999999999995,30
2016,Colombia,Latin America and Caribbean,1.0303200000000001,1.02169,0.59659,0.44735,0.053989999999999996,0.15625999999999998,6.481,31
2016,France,Western Europe,1.39488,1.00508,0.83795,0.46562,0.17808,0.1216,6.478,32
2016,Thailand,Southeastern Asia,1.0893,1.04477,0.64915,0.49553,0.02833,0.58696,6.474,33
2016,Saudi Arabia,Middle East and Northern Africa,1.48953,0.84829,0.59267,0.37904,0.30008,0.15457,6.379,34
2016,Taiwan,Eastern Asia,1.39729,0.92624,0.79565,0.32377,0.0663,0.25495,6.379,34
2016,Qatar,Middle East and Northern Africa,1.82427,0.87964,0.71723,0.56679,0.48049,0.32388,6.375,36
2016,Spain,Western Europe,1.34253,1.12945,0.8789600000000001,0.37545,0.06137000000000001,0.17665,6.361000000000001,37
2016,Algeria,Middle East and Northern Africa,1.05266,0.83309,0.6180399999999999,0.21006,0.16157,0.07044,6.355,38
2016,Guatemala,Latin America and Caribbean,0.83454,0.8711899999999999,0.5403899999999999,0.50379,0.08701,0.28808,6.324,39
2016,Suriname,Latin America and Caribbean,1.09686,0.77866,0.5093300000000001,0.5223399999999999,0.12692,0.16665,6.269,40
2016,Kuwait,Middle East and Northern Africa,1.61714,0.8775799999999999,0.63569,0.43166000000000004,0.23669,0.15965,6.239,41
2016,Bahrain,Middle East and Northern Africa,1.44024,0.9439700000000001,0.65696,0.47375,0.25772,0.17147,6.218,42
2016,Trinidad and Tobago,Latin America and Caribbean,1.32572,0.98569,0.52608,0.48453,0.01241,0.31935,6.167999999999999,43
2016,Venezuela,Latin America and Caribbean,1.1336700000000002,1.03302,0.6190399999999999,0.19847,0.08304,0.0425,6.084,44
2016,Slovakia,Central and Eastern Europe,1.27973,1.0826799999999999,0.70367,0.23390999999999998,0.02947,0.13837,6.077999999999999,45
2016,El Salvador,Latin America and Caribbean,0.8737,0.80975,0.596,0.37269,0.10613,0.08877,6.068,46
2016,Malaysia,Southeastern Asia,1.25142,0.88025,0.62366,0.39031,0.09081,0.41473999999999994,6.005,47
2016,Nicaragua,Latin America and Caribbean,0.69384,0.8952100000000001,0.65213,0.46581999999999996,0.16292,0.29773,5.992000000000001,48
2016,Uzbekistan,Central and Eastern Europe,0.7359100000000001,1.1681,0.50163,0.60848,0.28333,0.34326,5.987,49
2016,Italy,Western Europe,1.35495,1.04167,0.8510200000000001,0.18827,0.02556,0.16684000000000002,5.977,50
2016,Ecuador,Latin America and Caribbean,0.97306,0.85974,0.68613,0.4027,0.18037,0.10074,5.976,51
2016,Belize,Latin America and Caribbean,0.87616,0.68655,0.45569,0.51231,0.10770999999999999,0.23684000000000002,5.956,52
2016,Japan,Eastern Asia,1.3800700000000001,1.06054,0.91491,0.46761,0.18985,0.10224,5.921,53
2016,Kazakhstan,Central and Eastern Europe,1.22943,0.95544,0.57386,0.4052,0.11132,0.15011,5.919,54
2016,Moldova,Central and Eastern Europe,0.69177,0.8313200000000001,0.5230899999999999,0.25201999999999997,0.019030000000000002,0.19997,5.897,55
2016,Russia,Central and Eastern Europe,1.2322799999999998,1.05261,0.58991,0.32682,0.03586,0.027360000000000002,5.856,56
2016,Poland,Central and Eastern Europe,1.24585,1.04685,0.69058,0.4519,0.055,0.14443,5.835,57
2016,South Korea,Eastern Asia,1.35948,0.7219399999999999,0.88645,0.25168,0.07716,0.18824000000000002,5.835,57
2016,Bolivia,Latin America and Caribbean,0.79422,0.8377899999999999,0.4697,0.50961,0.07746,0.21698,5.822,59
2016,Lithuania,Central and Eastern Europe,1.2692,1.0641100000000001,0.64674,0.18929,0.0182,0.02025,5.813,60
2016,Belarus,Central and Eastern Europe,1.1306200000000002,1.04993,0.6310399999999999,0.29091,0.17457,0.13942000000000002,5.8020000000000005,61
2016,North Cyprus,Western Europe,1.31141,0.81826,0.8414200000000001,0.43596,0.16577999999999998,0.26322,5.771,62
2016,Slovenia,Central and Eastern Europe,1.2994700000000001,1.05613,0.79151,0.53164,0.03635,0.25738,5.768,63
2016,Peru,Latin America and Caribbean,0.9960200000000001,0.81255,0.6299399999999999,0.37501999999999996,0.05292,0.14527,5.742999999999999,64
2016,Turkmenistan,Central and Eastern Europe,1.08017,1.03817,0.44006000000000006,0.37408,0.28467,0.22566999999999998,5.6579999999999995,65
2016,Mauritius,Sub-Saharan Africa,1.14372,0.75695,0.66189,0.46145,0.05202999999999999,0.36951,5.648,66
2016,Libya,Middle East and Northern Africa,1.0668799999999998,0.95076,0.52304,0.40671999999999997,0.10339000000000001,0.17087,5.615,67
2016,Latvia,Central and Eastern Europe,1.2178799999999999,0.95025,0.63952,0.27996,0.0889,0.17445,5.56,68
2016,Cyprus,Western Europe,1.31857,0.70697,0.8488,0.29507,0.05227999999999999,0.27906,5.546,69
2016,Paraguay,Latin America and Caribbean,0.8937299999999999,1.11111,0.58295,0.46235,0.07396,0.25296,5.537999999999999,70
2016,Romania,Central and Eastern Europe,1.1697,0.7280300000000001,0.67602,0.36712,0.006790000000000001,0.12889,5.528,71
2016,Estonia,Central and Eastern Europe,1.2796399999999999,1.0516299999999998,0.68098,0.41511000000000003,0.18519000000000002,0.08423,5.517,72
2016,Jamaica,Latin America and Caribbean,0.89333,0.96372,0.5946899999999999,0.43596999999999997,0.04294,0.22245,5.51,73
2016,Croatia,Central and Eastern Europe,1.18649,0.6080899999999999,0.70524,0.23906999999999998,0.04002,0.18434,5.4879999999999995,74
2016,Hong Kong,Eastern Asia,1.5107,0.87021,0.9527700000000001,0.48078999999999994,0.31647,0.40097,5.457999999999999,75
2016,Somalia,Sub-Saharan Africa,0.0,0.33613000000000004,0.11465999999999998,0.5677800000000001,0.3118,0.27225,5.44,76
2016,Kosovo,Central and Eastern Europe,0.90145,0.66062,0.54,0.14396,0.06547,0.27992,5.401,77
2016,Turkey,Middle East and Northern Africa,1.1649200000000002,0.8771700000000001,0.64718,0.23889000000000002,0.12347999999999999,0.04707,5.388999999999999,78
2016,Indonesia,Southeastern Asia,0.95104,0.87625,0.49373999999999996,0.39237,0.00322,0.56521,5.314,79
2016,Jordan,Middle East and Northern Africa,0.9967299999999999,0.86216,0.60712,0.36023,0.13297,0.14262,5.303,80
2016,Azerbaijan,Central and Eastern Europe,1.12373,0.76042,0.54504,0.35327,0.17914000000000002,0.0564,5.291,81
2016,Philippines,Southeastern Asia,0.81217,0.87877,0.47036000000000006,0.5485399999999999,0.11757000000000001,0.21674000000000002,5.279,82
2016,China,Eastern Asia,1.0278,0.79381,0.73561,0.44011999999999996,0.02745,0.049589999999999995,5.245,83
2016,Bhutan,Southern Asia,0.8527,0.9083600000000001,0.49759,0.46074,0.1616,0.48546000000000006,5.196000000000001,84
2016,Kyrgyzstan,Central and Eastern Europe,0.5604399999999999,0.95434,0.5544899999999999,0.40212,0.047619999999999996,0.38432,5.185,85
2016,Serbia,Central and Eastern Europe,1.03437,0.81329,0.6458,0.15718,0.04339,0.20736999999999997,5.1770000000000005,86
2016,Bosnia and Herzegovina,Central and Eastern Europe,0.9338299999999999,0.64367,0.7076600000000001,0.09511,0.0,0.29889,5.162999999999999,87
2016,Montenegro,Central and Eastern Europe,1.07838,0.74173,0.6353300000000001,0.15111,0.12721,0.17190999999999998,5.1610000000000005,88
2016,Dominican Republic,Latin America and Caribbean,1.02787,0.9949600000000001,0.5766899999999999,0.52259,0.12372000000000001,0.21286,5.155,89
2016,Morocco,Middle East and Northern Africa,0.8405799999999999,0.38595,0.5947100000000001,0.25645999999999997,0.08404,0.040530000000000004,5.151,90
2016,Hungary,Central and Eastern Europe,1.24142,0.9316399999999999,0.67608,0.1977,0.044719999999999996,0.099,5.145,91
2016,Pakistan,Southern Asia,0.68816,0.26135,0.40306,0.14622000000000002,0.1388,0.31185,5.132000000000001,92
2016,Lebanon,Middle East and Northern Africa,1.12268,0.64184,0.76171,0.26228,0.030610000000000002,0.23693000000000003,5.129,93
2016,Portugal,Western Europe,1.27607,0.9436700000000001,0.7936300000000001,0.44727,0.01521,0.11690999999999999,5.122999999999999,94
2016,Macedonia,Central and Eastern Europe,1.0193,0.78236,0.6473800000000001,0.27668000000000004,0.07047,0.23506999999999997,5.121,95
2016,Vietnam,Southeastern Asia,0.74037,0.7911699999999999,0.66157,0.5595399999999999,0.11556,0.25075,5.061,96
2016,Somaliland Region,Sub-Saharan Africa,0.25558000000000003,0.75862,0.33108000000000004,0.3913,0.36794,0.51479,5.0569999999999995,97
2016,Tunisia,Middle East and Northern Africa,0.97724,0.43165,0.59577,0.23553000000000002,0.0817,0.03936,5.045,98
2016,Greece,Western Europe,1.24886,0.75473,0.80029,0.05822000000000001,0.04127,0.0,5.033,99
2016,Tajikistan,Central and Eastern Europe,0.48835,0.75602,0.5311899999999999,0.43408,0.13509000000000002,0.25998000000000004,4.996,100
2016,Mongolia,Eastern Asia,0.9885299999999999,1.0898299999999999,0.55469,0.35972,0.03285,0.34539000000000003,4.907,101
2016,Laos,Southeastern Asia,0.68042,0.5497,0.38291,0.52168,0.22423,0.43078999999999995,4.876,102
2016,Nigeria,Sub-Saharan Africa,0.75216,0.64498,0.05108,0.27854,0.0305,0.23219,4.875,103
2016,Honduras,Latin America and Caribbean,0.69429,0.7559600000000001,0.5838300000000001,0.26755,0.06906,0.2044,4.871,104
2016,Iran,Middle East and Northern Africa,1.11758,0.38856999999999997,0.64232,0.22544,0.0557,0.38538,4.813,105
2016,Zambia,Sub-Saharan Africa,0.61202,0.6376,0.23573000000000002,0.42662,0.11479,0.17865999999999999,4.795,106
2016,Nepal,Southern Asia,0.44626000000000005,0.69699,0.50073,0.37012,0.07007999999999999,0.3816,4.793,107
2016,Palestinian Territories,Middle East and Northern Africa,0.67024,0.71629,0.56844,0.17744000000000001,0.10613,0.11154000000000001,4.754,108
2016,Albania,Central and Eastern Europe,0.9553,0.50163,0.73007,0.31866,0.05301,0.1684,4.655,109
2016,Bangladesh,Southern Asia,0.54177,0.24749000000000002,0.52989,0.39778,0.12583,0.19132000000000002,4.643,110
2016,Sierra Leone,Sub-Saharan Africa,0.36485,0.628,0.0,0.30685,0.08196,0.23897,4.635,111
2016,Iraq,Middle East and Northern Africa,1.07474,0.59205,0.51076,0.24856,0.13635999999999998,0.19589,4.575,112
2016,Namibia,Sub-Saharan Africa,0.9328700000000001,0.70362,0.34745,0.48613999999999996,0.10397999999999999,0.07795,4.574,113
2016,Cameroon,Sub-Saharan Africa,0.5249699999999999,0.62542,0.12697999999999998,0.42736,0.06126,0.2268,4.513,114
2016,Ethiopia,Sub-Saharan Africa,0.29283000000000003,0.37932,0.34578000000000003,0.36703,0.1717,0.29522,4.508,115
2016,South Africa,Sub-Saharan Africa,1.02416,0.9605299999999999,0.18611,0.42483000000000004,0.08415,0.13656,4.459,116
2016,Sri Lanka,Southern Asia,0.9731799999999999,0.84783,0.62007,0.50817,0.07964,0.46978000000000003,4.415,117
2016,India,Southern Asia,0.74036,0.29247,0.45091000000000003,0.40285,0.08722,0.25028,4.404,118
2016,Myanmar,Southeastern Asia,0.34112,0.69981,0.3988,0.42691999999999997,0.20243,0.81971,4.395,119
2016,Egypt,Middle East and Northern Africa,0.95395,0.49813,0.5211600000000001,0.18847,0.10393,0.12705999999999998,4.362,120
2016,Armenia,Central and Eastern Europe,0.8608600000000001,0.6247699999999999,0.64083,0.14037,0.036160000000000005,0.07793,4.36,121
2016,Kenya,Sub-Saharan Africa,0.52267,0.7624,0.30146999999999996,0.40576,0.06686,0.41328000000000004,4.356,122
2016,Ukraine,Central and Eastern Europe,0.87287,1.01413,0.58628,0.12859,0.01829,0.20363,4.324,123
2016,Ghana,Sub-Saharan Africa,0.63107,0.49353,0.29681,0.40973000000000004,0.0326,0.21203000000000002,4.276,124
2016,Congo (Kinshasa),Sub-Saharan Africa,0.05661,0.80676,0.188,0.15602,0.06075,0.25458000000000003,4.272,125
2016,Georgia,Central and Eastern Europe,0.8379200000000001,0.19249000000000002,0.64035,0.32461,0.3188,0.06786,4.252,126
2016,Congo (Brazzaville),Sub-Saharan Africa,0.7710899999999999,0.47798999999999997,0.28212,0.37938,0.09752999999999999,0.12077,4.236000000000001,127
2016,Senegal,Sub-Saharan Africa,0.44314,0.7741600000000001,0.40457,0.31056,0.11681,0.19103,4.218999999999999,128
2016,Bulgaria,Central and Eastern Europe,1.11306,0.92542,0.67806,0.21219000000000002,0.00615,0.12793,4.217,129
2016,Mauritania,Sub-Saharan Africa,0.6139100000000001,0.8414200000000001,0.28639000000000003,0.1268,0.17955,0.22685999999999998,4.2010000000000005,130
2016,Zimbabwe,Sub-Saharan Africa,0.35041,0.71478,0.1595,0.25429,0.08582000000000001,0.18503,4.1930000000000005,131
2016,Malawi,Sub-Saharan Africa,0.08709,0.147,0.29364,0.4143,0.07564,0.30968,4.156000000000001,132
2016,Sudan,Sub-Saharan Africa,0.63069,0.8192799999999999,0.29759,0.0,0.10039,0.18077000000000001,4.138999999999999,133
2016,Gabon,Sub-Saharan Africa,1.15851,0.72368,0.3494,0.28098,0.09314,0.062439999999999996,4.121,134
2016,Mali,Sub-Saharan Africa,0.31292,0.8633299999999999,0.16347,0.27544,0.13647,0.21064000000000002,4.073,135
2016,Haiti,Latin America and Caribbean,0.34097,0.29561,0.27494,0.12072000000000001,0.14476,0.47958,4.0280000000000005,136
2016,Botswana,Sub-Saharan Africa,1.09426,0.89186,0.34752,0.44088999999999995,0.10769000000000001,0.12425,3.9739999999999998,137
2016,Comoros,Sub-Saharan Africa,0.27509,0.60323,0.29980999999999997,0.15412,0.18437,0.1827,3.9560000000000004,138
2016,Ivory Coast,Sub-Saharan Africa,0.55507,0.57576,0.04476,0.40663,0.1553,0.20338,3.9160000000000004,139
2016,Cambodia,Southeastern Asia,0.55604,0.5375,0.42494,0.5885199999999999,0.08092,0.40339,3.907,140
2016,Angola,Sub-Saharan Africa,0.84731,0.66366,0.04991,0.00589,0.08434,0.12070999999999998,3.866,141
2016,Niger,Sub-Saharan Africa,0.1327,0.6053,0.26161999999999996,0.38040999999999997,0.17176,0.2097,3.8560000000000003,142
2016,South Sudan,Sub-Saharan Africa,0.39394,0.18519000000000002,0.15780999999999998,0.19662000000000002,0.13015,0.25899,3.832,143
2016,Chad,Sub-Saharan Africa,0.42213999999999996,0.63178,0.038239999999999996,0.12807000000000002,0.04952,0.18667,3.763,144
2016,Burkina Faso,Sub-Saharan Africa,0.31995,0.63054,0.21297,0.3337,0.12533,0.24353000000000002,3.739,145
2016,Uganda,Sub-Saharan Africa,0.34719,0.90981,0.19625,0.43653000000000003,0.06442,0.27102,3.739,145
2016,Yemen,Middle East and Northern Africa,0.57939,0.47493,0.31048000000000003,0.2287,0.05892000000000001,0.09821,3.7239999999999998,147
2016,Madagascar,Sub-Saharan Africa,0.27954,0.46115,0.37109000000000003,0.13684000000000002,0.07506,0.2204,3.695,148
2016,Tanzania,Sub-Saharan Africa,0.47155,0.77623,0.35700000000000004,0.3176,0.05099,0.31472,3.6660000000000004,149
2016,Liberia,Sub-Saharan Africa,0.10705999999999999,0.50353,0.23165,0.25748000000000004,0.04852,0.24063,3.622,150
2016,Guinea,Sub-Saharan Africa,0.22415,0.3109,0.18829,0.30953,0.1192,0.29914,3.6069999999999998,151
2016,Rwanda,Sub-Saharan Africa,0.32846,0.6158600000000001,0.31865,0.5432,0.50521,0.23551999999999998,3.515,152
2016,Benin,Sub-Saharan Africa,0.39499,0.10419,0.21028000000000002,0.39747,0.06681000000000001,0.2018,3.484,153
2016,Afghanistan,Southern Asia,0.38227,0.11037000000000001,0.17344,0.1643,0.07112,0.31268,3.36,154
2016,Togo,Sub-Saharan Africa,0.28123000000000004,0.0,0.24811,0.34678000000000003,0.11587,0.17517,3.303,155
2016,Syria,Middle East and Northern Africa,0.7471899999999999,0.14866,0.6299399999999999,0.06912,0.17232999999999998,0.48396999999999996,3.069,156
2016,Burundi,Sub-Saharan Africa,0.06831,0.23442,0.15747,0.0432,0.09419,0.2029,2.905,157
2017,Norway,Western Europe,1.6164631843566901,1.53352355957031,0.796666502952576,0.635422587394714,0.31596383452415505,0.36201223731041,7.537000179290769,1
2017,Denmark,Western Europe,1.48238301277161,1.55112159252167,0.7925655245780941,0.626006722450256,0.40077006816863997,0.3552804887294771,7.52199983596802,2
2017,Iceland,Western Europe,1.480633020401,1.6105740070343,0.8335521221160892,0.6271626353263849,0.15352655947208402,0.47554022073745705,7.50400018692017,3
2017,Switzerland,Western Europe,1.5649795532226598,1.51691174507141,0.858131289482117,0.620070576667786,0.36700728535652205,0.29054927825927696,7.49399995803833,4
2017,Finland,Western Europe,1.44357192516327,1.5402467250824,0.80915766954422,0.6179508566856379,0.38261154294014,0.24548277258873,7.468999862670901,5
2017,Netherlands,Western Europe,1.50394463539124,1.42893922328949,0.8106961250305179,0.5853844881057739,0.282661825418472,0.47048982977867104,7.3769998550415,6
2017,Canada,North America,1.47920441627502,1.48134899139404,0.83455765247345,0.611100912094116,0.287371516227722,0.435539722442627,7.31599998474121,7
2017,New Zealand,Australia and New Zealand,1.40570604801178,1.54819512367249,0.816759705543518,0.6140621304512021,0.38281670212745705,0.500005125999451,7.31400012969971,8
2017,Sweden,Western Europe,1.49438726902008,1.47816216945648,0.830875158309937,0.612924098968506,0.384398728609085,0.38539925217628496,7.28399991989136,9
2017,Australia,Australia and New Zealand,1.4844149351120002,1.5100419521331798,0.84388679265976,0.601607382297516,0.301183730363846,0.47769924998283403,7.28399991989136,10
2017,Israel,Middle East and Northern Africa,1.3753824234008798,1.37628996372223,0.83840399980545,0.40598860383033797,0.0852421000599861,0.330082654953003,7.212999820709231,11
2017,Costa Rica,Latin America and Caribbean,1.10970628261566,1.4164036512374898,0.7595092654228209,0.580131649971008,0.100106589496136,0.21461322903633104,7.0789999961853,12
2017,Austria,Western Europe,1.4870972633361799,1.4599449634552,0.8153284192085269,0.567766189575195,0.22106036543846105,0.316472321748734,7.00600004196167,13
2017,United States,North America,1.54625928401947,1.4199205636978103,0.7742866277694699,0.505740523338318,0.135638788342476,0.392578780651093,6.993000030517581,14
2017,Ireland,Western Europe,1.5357066392898602,1.5582311153411899,0.8097826242446899,0.5731103420257571,0.29838815331459007,0.42785832285881,6.9770002365112305,15
2017,Germany,Western Europe,1.48792338371277,1.47252035140991,0.798950731754303,0.562511384487152,0.276731938123703,0.33626917004585305,6.9510002136230495,16
2017,Belgium,Western Europe,1.4637807607650801,1.4623126983642598,0.8180918693542479,0.5397707223892211,0.251343131065369,0.23150333762168898,6.89099979400635,17
2017,Luxembourg,Western Europe,1.74194359779358,1.45758366584778,0.845089495182037,0.59662789106369,0.31883442401886,0.283180981874466,6.86299991607666,18
2017,United Kingdom,Western Europe,1.44163393974304,1.4964600801467902,0.805335938930511,0.508190035820007,0.265428066253662,0.492774158716202,6.71400022506714,19
2017,Chile,Latin America and Caribbean,1.25278460979462,1.28402495384216,0.8194797039031979,0.376895278692245,0.0822879821062088,0.3266624212265011,6.65199995040894,20
2017,United Arab Emirates,Middle East and Northern Africa,1.6263433694839498,1.2664102315902699,0.726798236370087,0.60834527015686,0.324489563703537,0.3609419465065,6.6479997634887695,21
2017,Brazil,Latin America and Caribbean,1.1073532104492199,1.43130600452423,0.6165523529052729,0.437453746795654,0.11109276115894301,0.16234989464282998,6.6350002288818395,22
2017,Czech Republic,Central and Eastern Europe,1.35268235206604,1.4338852167129499,0.754444003105164,0.49094617366790794,0.0368729270994663,0.0881067588925362,6.60900020599365,23
2017,Argentina,Latin America and Caribbean,1.18529546260834,1.44045114517212,0.695137083530426,0.49451920390129106,0.05973988771438599,0.109457060694695,6.59899997711182,24
2017,Mexico,Latin America and Caribbean,1.1531838178634601,1.2108621597290001,0.709978997707367,0.412730008363724,0.132774114608765,0.12099043279886199,6.57800006866455,25
2017,Singapore,Southeastern Asia,1.69227766990662,1.35381436347961,0.9494923949241642,0.549840569496155,0.46430778503417997,0.345965981483459,6.57200002670288,26
2017,Malta,Western Europe,1.34327983856201,1.48841166496277,0.821944236755371,0.588767051696777,0.153066068887711,0.5747305750846861,6.52699995040894,27
2017,Uruguay,Latin America and Caribbean,1.2175596952438401,1.4122278690338101,0.719216823577881,0.5793922543525699,0.17806187272071802,0.175096929073334,6.4539999961853,28
2017,Guatemala,Latin America and Caribbean,0.872001945972443,1.25558519363403,0.540239989757538,0.5313106179237371,0.0772232785820961,0.283488392829895,6.4539999961853,29
2017,Panama,Latin America and Caribbean,1.23374843597412,1.3731925487518302,0.706156134605408,0.550026834011078,0.070983923971653,0.21055693924427,6.4520001411438,30
2017,France,Western Europe,1.43092346191406,1.38777685165405,0.8444658517837521,0.470222115516663,0.172502428293228,0.129762306809425,6.44199991226196,31
2017,Thailand,Southeastern Asia,1.12786877155304,1.4257924556732198,0.647239029407501,0.580200731754303,0.0316127352416515,0.572123110294342,6.4239997863769505,32
2017,Spain,Western Europe,1.38439786434174,1.53209090232849,0.888960599899292,0.408781230449677,0.0709140971302986,0.190133571624756,6.40299987792969,34
2017,Qatar,Middle East and Northern Africa,1.8707656860351598,1.27429687976837,0.7100980877876278,0.604130983352661,0.43929925560951205,0.33047387003898604,6.375,35
2017,Colombia,Latin America and Caribbean,1.07062232494354,1.4021829366683998,0.595027923583984,0.47748741507530196,0.0466687418520451,0.14901447296142598,6.35699987411499,36
2017,Saudi Arabia,Middle East and Northern Africa,1.53062355518341,1.28667759895325,0.590148329734802,0.449750572443008,0.27343225479126004,0.147616013884544,6.343999862670901,37
2017,Trinidad and Tobago,Latin America and Caribbean,1.36135590076447,1.3802285194397,0.5199832916259771,0.518630743026733,0.00896481610834599,0.32529646158218395,6.1680002212524405,38
2017,Kuwait,Middle East and Northern Africa,1.63295245170593,1.25969874858856,0.6321057081222529,0.49633759260177596,0.21515955030918102,0.228289797902107,6.10500001907349,39
2017,Slovakia,Central and Eastern Europe,1.32539355754852,1.5050592422485398,0.712732911109924,0.295817464590073,0.0242108516395092,0.136544480919838,6.09800004959106,40
2017,Bahrain,Middle East and Northern Africa,1.4884122610092199,1.3231104612350502,0.653133034706116,0.536746919155121,0.257042169570923,0.17266848683357197,6.08699989318848,41
2017,Malaysia,Southeastern Asia,1.29121541976929,1.28464603424072,0.618784427642822,0.40226498246192893,0.0656007081270218,0.416608929634094,6.08400011062622,42
2017,Nicaragua,Latin America and Caribbean,0.737299203872681,1.28721570968628,0.6530959606170649,0.447551846504211,0.130687981843948,0.301674216985703,6.07100009918213,43
2017,Ecuador,Latin America and Caribbean,1.00082039833069,1.2861688137054401,0.685636222362518,0.4551981985569,0.140134647488594,0.15011246502399403,6.00799989700317,44
2017,El Salvador,Latin America and Caribbean,0.9097844958305359,1.1821250915527302,0.596018552780151,0.432452529668808,0.0899809598922729,0.0782579854130745,6.002999782562259,45
2017,Poland,Central and Eastern Europe,1.29178786277771,1.44571197032928,0.699475347995758,0.520342111587524,0.0593078061938286,0.158465966582298,5.97300004959106,46
2017,Uzbekistan,Central and Eastern Europe,0.786441087722778,1.5489691495895401,0.498272627592087,0.6582486629486078,0.246528223156929,0.41598364710807795,5.97100019454956,47
2017,Italy,Western Europe,1.3950666189193701,1.44492328166962,0.8531443476676941,0.256450712680817,0.0280280914157629,0.17278964817523998,5.96400022506714,48
2017,Russia,Central and Eastern Europe,1.28177809715271,1.46928238868713,0.547349333763123,0.373783111572266,0.0329628810286522,0.0522638224065304,5.962999820709231,49
2017,Belize,Latin America and Caribbean,0.907975316047668,1.0814177989959701,0.45019176602363603,0.5475093722343439,0.0965810716152191,0.24001564085483604,5.955999851226809,50
2017,Japan,Eastern Asia,1.41691517829895,1.43633782863617,0.9134758710861209,0.505625545978546,0.163760736584663,0.12057276815175999,5.92000007629395,51
2017,Lithuania,Central and Eastern Europe,1.3145823478698702,1.47351610660553,0.62894994020462,0.234231784939766,0.0118656428530812,0.010164656676352,5.90199995040894,52
2017,Algeria,Middle East and Northern Africa,1.09186446666718,1.1462174654007,0.6175846457481379,0.233335807919502,0.14609611034393302,0.0694366469979286,5.872000217437741,53
2017,Latvia,Central and Eastern Europe,1.26074862480164,1.40471494197845,0.638566970825195,0.32570791244506797,0.0738427266478539,0.153074786067009,5.849999904632571,54
2017,South Korea,Eastern Asia,1.40167844295502,1.1282744407653797,0.900214076042175,0.257921665906906,0.0632826685905457,0.206674367189407,5.837999820709231,55
2017,Moldova,Central and Eastern Europe,0.7288706302642819,1.25182557106018,0.5894652009010309,0.24072904884815197,0.0100912861526012,0.20877912640571603,5.837999820709231,56
2017,Romania,Central and Eastern Europe,1.21768391132355,1.15009129047394,0.6851583123207089,0.457003742456436,0.0043879006989300294,0.133519917726517,5.824999809265139,57
2017,Bolivia,Latin America and Caribbean,0.833756566047668,1.2276190519332901,0.47363024950027505,0.5587329268455511,0.0604777261614799,0.22556072473526,5.82299995422363,58
2017,Turkmenistan,Central and Eastern Europe,1.1307767629623402,1.49314916133881,0.437726080417633,0.41827192902565,0.25927034020423895,0.24992498755454998,5.82200002670288,59
2017,Kazakhstan,Central and Eastern Europe,1.2845562696456898,1.3843690156936599,0.6060415506362921,0.43745428323745705,0.11928288638591802,0.20196442306041698,5.8189997673034695,60
2017,North Cyprus,Western Europe,1.3469113111496,1.18630337715149,0.834647238254547,0.47120362520217896,0.155353352427483,0.266845703125,5.80999994277954,61
2017,Slovenia,Central and Eastern Europe,1.3412059545516999,1.4525188207626298,0.7908282279968258,0.572575807571411,0.0451289787888527,0.242649093270302,5.75799989700317,62
2017,Peru,Latin America and Caribbean,1.0352252721786501,1.21877038478851,0.6301661133766171,0.45000287890434293,0.0470490865409374,0.126819714903831,5.71500015258789,63
2017,Mauritius,Sub-Saharan Africa,1.1893955469131499,1.20956099033356,0.6380074620246889,0.491247326135635,0.0421815551817417,0.360933750867844,5.62900018692017,64
2017,Cyprus,Western Europe,1.3559380769729599,1.13136327266693,0.84471470117569,0.35511153936386103,0.0412379764020443,0.271254301071167,5.62099981307983,65
2017,Estonia,Central and Eastern Europe,1.3208793401718102,1.47667109966278,0.695168316364288,0.479131430387497,0.18324892222881303,0.0988908112049103,5.61100006103516,66
2017,Belarus,Central and Eastern Europe,1.15655755996704,1.4449452161788898,0.6377142667770389,0.295400261878967,0.156313821673393,0.15513750910759,5.5689997673034695,67
2017,Libya,Middle East and Northern Africa,1.1018030643463101,1.3575643301010099,0.520169019699097,0.465733230113983,0.0926102101802826,0.15207366645336198,5.525000095367429,68
2017,Turkey,Middle East and Northern Africa,1.1982743740081798,1.33775317668915,0.6376056075096129,0.300740599632263,0.0996715798974037,0.0466930419206619,5.5,69
2017,Paraguay,Latin America and Caribbean,0.932537317276001,1.50728487968445,0.579250693321228,0.473507791757584,0.091065913438797,0.224150657653809,5.493000030517581,70
2017,Philippines,Southeastern Asia,0.85769921541214,1.25391757488251,0.46800905466079706,0.585214674472809,0.0993318930268288,0.193513423204422,5.42999982833862,72
2017,Serbia,Central and Eastern Europe,1.06931757926941,1.2581897974014298,0.65078467130661,0.20871552824974102,0.0409037806093693,0.22012588381767298,5.39499998092651,73
2017,Jordan,Middle East and Northern Africa,0.9910123944282528,1.2390888929367099,0.6045900583267211,0.418421149253845,0.11980327218771002,0.17217046022415197,5.33599996566772,74
2017,Hungary,Central and Eastern Europe,1.2860119342803997,1.34313309192657,0.6877634525299069,0.17586351931095098,0.0366369374096394,0.0784016624093056,5.32399988174438,75
2017,Jamaica,Latin America and Caribbean,0.925579309463501,1.3682180643081698,0.6410223841667181,0.474307239055634,0.0552677810192108,0.23381833732128102,5.31099987030029,76
2017,Croatia,Central and Eastern Europe,1.22255623340607,0.9679830074310299,0.701288521289825,0.255772292613983,0.0431031100451946,0.248002976179123,5.2930002212524405,77
2017,Kosovo,Central and Eastern Europe,0.951484382152557,1.1378535032272301,0.541452050209045,0.260287940502167,0.0574716180562973,0.319931447505951,5.27899980545044,78
2017,China,Eastern Asia,1.08116579055786,1.16083741188049,0.741415500640869,0.47278770804405196,0.0227942746132612,0.0288068410009146,5.2729997634887695,79
2017,Pakistan,Southern Asia,0.7268835306167599,0.6726906895637509,0.40204778313636796,0.23521526157856,0.12434806674718901,0.31544601917266807,5.26900005340576,80
2017,Indonesia,Southeastern Asia,0.995538592338562,1.2744446992874099,0.49234572052955605,0.443323463201523,0.0153171354904771,0.611704587936401,5.26200008392334,81
2017,Venezuela,Latin America and Caribbean,1.12843120098114,1.43133759498596,0.617144227027893,0.15399712324142498,0.0644911229610443,0.0650196298956871,5.25,82
2017,Montenegro,Central and Eastern Europe,1.12112903594971,1.23837649822235,0.6674646735191351,0.194989055395126,0.0881741940975189,0.197911024093628,5.23699998855591,83
2017,Morocco,Middle East and Northern Africa,0.8781145811080929,0.774864435195923,0.59771066904068,0.408158332109451,0.0877631828188896,0.0322099551558495,5.2350001335144,84
2017,Azerbaijan,Central and Eastern Europe,1.1536017656326298,1.15240025520325,0.5407757759094239,0.39815583825111406,0.180987507104874,0.0452693402767181,5.234000205993651,85
2017,Dominican Republic,Latin America and Caribbean,1.07937383651733,1.4024167060852097,0.574873745441437,0.55258983373642,0.113945253193378,0.186967849731445,5.230000019073491,86
2017,Greece,Western Europe,1.28948748111725,1.23941457271576,0.8101989030838009,0.0957312509417534,0.043289776891470004,0.0,5.2270002365112305,87
2017,Lebanon,Middle East and Northern Africa,1.07498753070831,1.1296242475509601,0.7350810766220089,0.28851598501205394,0.037513829767704,0.26445075869560203,5.22499990463257,88
2017,Portugal,Western Europe,1.3151752948761002,1.36704301834106,0.795843541622162,0.498465299606323,0.0158694516867399,0.0951027125120163,5.19500017166138,89
2017,Bosnia and Herzegovina,Central and Eastern Europe,0.982409417629242,1.0693359375,0.705186307430267,0.204403176903725,0.0,0.328867495059967,5.18200016021729,90
2017,Honduras,Latin America and Caribbean,0.730573117733002,1.14394497871399,0.582569479942322,0.348079860210419,0.0733454525470734,0.23618887364864302,5.1810002326965305,91
2017,Macedonia,Central and Eastern Europe,1.06457793712616,1.20789301395416,0.644948184490204,0.325905978679657,0.0602777935564518,0.25376096367836,5.175000190734861,92
2017,Somalia,Sub-Saharan Africa,0.0226431842893362,0.7211513519287109,0.11398913711309401,0.602126955986023,0.28241032361984303,0.291631311178207,5.151000022888179,93
2017,Vietnam,Southeastern Asia,0.7885475754737851,1.27749133110046,0.6521689891815191,0.571055591106415,0.0876332372426987,0.23496805131435397,5.07399988174438,94
2017,Nigeria,Sub-Saharan Africa,0.783756256103516,1.21577048301697,0.0569157302379608,0.394952565431595,0.0261215660721064,0.23094719648361198,5.07399988174438,95
2017,Tajikistan,Central and Eastern Europe,0.524713635444641,1.27146327495575,0.5292351245880129,0.47156670689582797,0.14637714624404902,0.24899764358997303,5.04099988937378,96
2017,Bhutan,Southern Asia,0.885416388511658,1.3401265144348102,0.495879292488098,0.5015376806259161,0.17338038980960802,0.474054545164108,5.01100015640259,97
2017,Kyrgyzstan,Central and Eastern Europe,0.5962200760841371,1.39423859119415,0.553457796573639,0.454943388700485,0.0394391790032387,0.42858037352562,5.0040001869201705,98
2017,Nepal,Southern Asia,0.479820191860199,1.17928326129913,0.504130780696869,0.44030594825744607,0.0729755461215973,0.39409616589546204,4.961999893188481,99
2017,Mongolia,Eastern Asia,1.0272358655929599,1.4930112361908001,0.557783484458923,0.39414396882057207,0.0329022891819477,0.338464230298996,4.95499992370605,100
2017,South Africa,Sub-Saharan Africa,1.05469870567322,1.38478863239288,0.18708007037639604,0.479246735572815,0.0725094974040985,0.13936237990856198,4.8289999961853,101
2017,Tunisia,Middle East and Northern Africa,1.00726580619812,0.8683514595031742,0.613212049007416,0.289680689573288,0.0867231488227844,0.0496933571994305,4.80499982833862,102
2017,Palestinian Territories,Middle East and Northern Africa,0.716249227523804,1.1556471586227401,0.565666973590851,0.25471106171608,0.0892826020717621,0.114173173904419,4.77500009536743,103
2017,Egypt,Middle East and Northern Africa,0.989701807498932,0.997471392154694,0.520187258720398,0.28211015462875394,0.114381365478039,0.128631442785263,4.7350001335144,104
2017,Bulgaria,Central and Eastern Europe,1.1614590883255,1.4343794584274299,0.708217680454254,0.28923171758651695,0.0110515309497714,0.113177694380283,4.71400022506714,105
2017,Sierra Leone,Sub-Saharan Africa,0.36842092871666,0.984136044979095,0.005564753897488121,0.318697690963745,0.0710951760411263,0.293040901422501,4.70900011062622,106
2017,Cameroon,Sub-Saharan Africa,0.564305365085602,0.946018218994141,0.132892116904259,0.430388748645782,0.0513066314160824,0.23629845678806302,4.69500017166138,107
2017,Iran,Middle East and Northern Africa,1.15687310695648,0.7115512490272521,0.639333188533783,0.24932260811328896,0.048761073499918005,0.387242913246155,4.69199991226196,108
2017,Albania,Central and Eastern Europe,0.996192753314972,0.8036852478981021,0.731159746646881,0.381498634815216,0.0398642159998417,0.20131294429302202,4.64400005340576,109
2017,Bangladesh,Southern Asia,0.586682975292206,0.735131740570068,0.533241033554077,0.478356659412384,0.123717859387398,0.17225535213947304,4.60799980163574,110
2017,Namibia,Sub-Saharan Africa,0.964434325695038,1.0984708070755,0.33861181139946,0.520303547382355,0.0931469723582268,0.0771337449550629,4.57399988174438,111
2017,Kenya,Sub-Saharan Africa,0.560479462146759,1.0679507255554201,0.30998834967613204,0.45276376605033897,0.0646413192152977,0.444860309362411,4.55299997329712,112
2017,Myanmar,Southeastern Asia,0.36711055040359497,1.12323594093323,0.397522568702698,0.514492034912109,0.188816204667091,0.8380751609802249,4.54500007629395,114
2017,Senegal,Sub-Saharan Africa,0.479309022426605,1.17969191074371,0.409362852573395,0.37792226672172496,0.11546044796705199,0.183468893170357,4.53499984741211,115
2017,Zambia,Sub-Saharan Africa,0.6364067792892459,1.00318729877472,0.25783589482307395,0.461603492498398,0.0782135501503944,0.249580144882202,4.513999938964839,116
2017,Iraq,Middle East and Northern Africa,1.1027104854583702,0.978613197803497,0.501180469989777,0.288555532693863,0.10721575468778599,0.19963726401329,4.49700021743774,117
2017,Gabon,Sub-Saharan Africa,1.1982102394104,1.1556202173233001,0.35657858848571794,0.31232857704162603,0.0760467872023582,0.0437853783369064,4.46500015258789,118
2017,Ethiopia,Sub-Saharan Africa,0.339233845472336,0.8646692037582401,0.35340970754623396,0.408842742443085,0.16545571386814098,0.31265074014663696,4.46000003814697,119
2017,Sri Lanka,Southern Asia,1.00985014438629,1.25997638702393,0.625130832195282,0.561213254928589,0.0736539661884308,0.49086356163024897,4.44000005722046,120
2017,Armenia,Central and Eastern Europe,0.900596737861633,1.00748372077942,0.637524425983429,0.198303267359734,0.0266744215041399,0.0834880918264389,4.37599992752075,121
2017,India,Southern Asia,0.7922212481498722,0.754372596740723,0.455427616834641,0.469987004995346,0.0922268852591515,0.23153848946094502,4.31500005722046,122
2017,Mauritania,Sub-Saharan Africa,0.6484572887420649,1.2720308303833001,0.285349279642105,0.0960980430245399,0.136957004666328,0.201870024204254,4.29199981689453,123
2017,Congo (Brazzaville),Sub-Saharan Africa,0.8089642524719242,0.8320443630218509,0.28995743393898,0.4350258708000179,0.0796181336045265,0.12085212767124198,4.29099988937378,124
2017,Georgia,Central and Eastern Europe,0.950612664222717,0.57061493396759,0.649546980857849,0.309410035610199,0.25166663527488703,0.0540088154375553,4.28599977493286,125
2017,Congo (Kinshasa),Sub-Saharan Africa,0.0921023488044739,1.22902345657349,0.191407024860382,0.235961347818375,0.0602413564920425,0.246455833315849,4.2800002098083505,126
2017,Mali,Sub-Saharan Africa,0.476180493831635,1.2814733982086202,0.16936567425727803,0.306613743305206,0.10497024655342098,0.183354198932648,4.19000005722046,127
2017,Ivory Coast,Sub-Saharan Africa,0.6030489206314089,0.904780030250549,0.0486421696841717,0.4477061927318571,0.130061775445938,0.201237469911575,4.17999982833862,128
2017,Cambodia,Southeastern Asia,0.6017650961875921,1.00623834133148,0.429783403873444,0.633375823497772,0.0681059509515762,0.385922968387604,4.1680002212524405,129
2017,Sudan,Sub-Saharan Africa,0.6595166921615601,1.21400856971741,0.290920823812485,0.0149958552792668,0.089847519993782,0.182317450642586,4.138999938964839,130
2017,Ghana,Sub-Saharan Africa,0.667224824428558,0.873664736747742,0.29563772678375205,0.423026293516159,0.0253363698720932,0.25692394375801103,4.11999988555908,131
2017,Ukraine,Central and Eastern Europe,0.89465194940567,1.39453756809235,0.575903952121735,0.12297477573156401,0.0230294708162546,0.270061463117599,4.09600019454956,132
2017,Uganda,Sub-Saharan Africa,0.381430715322495,1.12982773780823,0.21763260662555703,0.443185955286026,0.057069718837738,0.32576605677604703,4.08099985122681,133
2017,Burkina Faso,Sub-Saharan Africa,0.35022771358490007,1.04328000545502,0.21584425866603896,0.32436785101890603,0.12032810598611803,0.250864684581757,4.03200006484985,134
2017,Niger,Sub-Saharan Africa,0.16192533075809498,0.993025004863739,0.26850500702858,0.36365869641304,0.13857294619083402,0.22867384552955602,4.02799987792969,135
2017,Malawi,Sub-Saharan Africa,0.233442038297653,0.5125688314437871,0.315089583396912,0.466914653778076,0.0727116540074348,0.28717046976089505,3.97000002861023,136
2017,Chad,Sub-Saharan Africa,0.43801298737525896,0.953855872154236,0.0411347150802612,0.16234202682972002,0.0535818822681904,0.21611385047435802,3.9360001087188703,137
2017,Zimbabwe,Sub-Saharan Africa,0.37584653496742204,1.08309590816498,0.19676375389099102,0.336384207010269,0.0953753814101219,0.189143493771553,3.875,138
2017,Angola,Sub-Saharan Africa,0.8584281802177429,1.1044119596481299,0.0498686656355858,0.0,0.0697203353047371,0.09792649000883098,3.79500007629395,140
2017,Afghanistan,Southern Asia,0.401477217674255,0.581543326377869,0.18074677884578697,0.106179520487785,0.0611578300595284,0.311870932579041,3.7939999103546103,141
2017,Botswana,Sub-Saharan Africa,1.12209415435791,1.2215549945831299,0.34175550937652605,0.505196332931519,0.0985831990838051,0.0993484482169151,3.7660000324249303,142
2017,Benin,Sub-Saharan Africa,0.43108540773391707,0.43529984354972795,0.20993021130561804,0.42596277594566295,0.0609290152788162,0.207948461174965,3.65700006484985,143
2017,Madagascar,Sub-Saharan Africa,0.305808693170547,0.9130203723907471,0.375223308801651,0.18919676542282102,0.0672319754958153,0.208732530474663,3.64400005340576,144
2017,Haiti,Latin America and Caribbean,0.368610262870789,0.640449821949005,0.277321130037308,0.0303698573261499,0.0998721495270729,0.48920378088951094,3.6029999256133998,145
2017,Yemen,Middle East and Northern Africa,0.5916834473609921,0.93538224697113,0.310080915689468,0.24946372210979503,0.0567674227058887,0.104125209152699,3.59299993515015,146
2017,South Sudan,Sub-Saharan Africa,0.39724862575531,0.601323127746582,0.163486003875732,0.147062435746193,0.116793513298035,0.285670816898346,3.5910000801086404,147
2017,Liberia,Sub-Saharan Africa,0.11904179304838199,0.8721179366111759,0.229918196797371,0.33288118243217496,0.0389482490718365,0.26654988527298,3.5329999923706095,148
2017,Guinea,Sub-Saharan Africa,0.24454993009567302,0.7912446856498722,0.194129139184952,0.348587512969971,0.110937617719173,0.264815092086792,3.50699996948242,149
2017,Togo,Sub-Saharan Africa,0.30544471740722695,0.4318825304508211,0.247105568647385,0.38042613863945,0.0956650152802467,0.19689615070819896,3.4949998855590803,150
2017,Rwanda,Sub-Saharan Africa,0.368745893239975,0.945707023143768,0.326424807310104,0.5818438529968261,0.455220013856888,0.25275602936744695,3.47099995613098,151
2017,Syria,Middle East and Northern Africa,0.777153134346008,0.396102607250214,0.5005333423614501,0.0815394446253777,0.15134713053703303,0.49366372823715204,3.46199989318848,152
2017,Tanzania,Sub-Saharan Africa,0.511135876178741,1.04198980331421,0.364509284496307,0.390017777681351,0.0660351067781448,0.354256361722946,3.34899997711182,153
2017,Burundi,Sub-Saharan Africa,0.09162256866693501,0.629793584346771,0.151610791683197,0.0599007532000542,0.0841479450464249,0.20443518459796897,2.90499997138977,154
2018,Finland,Western Europe,1.305,1.5919999999999999,0.8740000000000001,0.6809999999999999,0.39299999999999996,0.20199999999999999,7.632000000000001,1
2018,Norway,Western Europe,1.456,1.5819999999999999,0.861,0.6859999999999999,0.34,0.28600000000000003,7.593999999999999,2
2018,Denmark,Western Europe,1.351,1.59,0.868,0.6829999999999999,0.408,0.284,7.555,3
2018,Iceland,Western Europe,1.3430000000000002,1.6440000000000001,0.914,0.677,0.138,0.353,7.495,4
2018,Switzerland,Western Europe,1.42,1.5490000000000002,0.927,0.66,0.35700000000000004,0.256,7.487,5
2018,Netherlands,Western Europe,1.361,1.4880000000000002,0.878,0.638,0.295,0.33299999999999996,7.441,6
2018,Canada,North America,1.33,1.5319999999999998,0.8959999999999999,0.653,0.29100000000000004,0.321,7.327999999999999,7
2018,New Zealand,Australia and New Zealand,1.268,1.601,0.8759999999999999,0.669,0.389,0.365,7.324,8
2018,Sweden,Western Europe,1.355,1.501,0.9129999999999999,0.659,0.38299999999999995,0.285,7.314,9
2018,Australia,Australia and New Zealand,1.34,1.5730000000000002,0.91,0.647,0.302,0.361,7.272,10
2018,United Kingdom,Western Europe,1.244,1.433,0.888,0.46399999999999997,0.08199999999999999,0.262,7.19,11
2018,Austria,Western Europe,1.341,1.504,0.8909999999999999,0.617,0.22399999999999998,0.242,7.138999999999999,12
2018,Costa Rica,Latin America and Caribbean,1.01,1.459,0.8170000000000001,0.632,0.10099999999999999,0.14300000000000002,7.072,13
2018,Ireland,Western Europe,1.4480000000000002,1.5830000000000002,0.8759999999999999,0.614,0.306,0.307,6.977,14
2018,Germany,Western Europe,1.34,1.474,0.861,0.586,0.28,0.273,6.965,15
2018,Belgium,Western Europe,1.324,1.483,0.894,0.583,0.24,0.188,6.9270000000000005,16
2018,Luxembourg,Western Europe,1.5759999999999998,1.52,0.8959999999999999,0.632,0.321,0.196,6.91,17
2018,United States,North America,1.3980000000000001,1.4709999999999999,0.8190000000000001,0.547,0.133,0.29100000000000004,6.886,18
2018,Israel,Middle East and Northern Africa,1.301,1.5590000000000002,0.883,0.5329999999999999,0.272,0.354,6.814,19
2018,United Arab Emirates,Middle East and Northern Africa,2.096,0.7759999999999999,0.67,0.284,,0.18600000000000003,6.774,20
2018,Czech Republic,Central and Eastern Europe,1.2329999999999999,1.489,0.8540000000000001,0.5429999999999999,0.034,0.064,6.711,21
2018,Malta,Western Europe,1.27,1.525,0.884,0.645,0.142,0.376,6.627000000000001,22
2018,France,Western Europe,1.2930000000000001,1.466,0.9079999999999999,0.52,0.17600000000000002,0.098,6.489,23
2018,Mexico,Latin America and Caribbean,1.038,1.252,0.7609999999999999,0.479,0.095,0.069,6.4879999999999995,24
2018,Chile,Latin America and Caribbean,1.131,1.331,0.8079999999999999,0.431,0.061,0.19699999999999998,6.476,25
2018,Taiwan,Eastern Asia,1.365,1.436,0.857,0.418,0.078,0.151,6.441,26
2018,Panama,Latin America and Caribbean,1.112,1.4380000000000002,0.759,0.597,0.063,0.125,6.43,27
2018,Brazil,Latin America and Caribbean,0.986,1.474,0.675,0.493,0.08800000000000001,0.11,6.419,28
2018,Argentina,Latin America and Caribbean,1.073,1.4680000000000002,0.7440000000000001,0.57,0.054000000000000006,0.062,6.388,29
2018,Guatemala,Latin America and Caribbean,0.7809999999999999,1.268,0.608,0.604,0.071,0.179,6.382000000000001,30
2018,Uruguay,Latin America and Caribbean,1.093,1.459,0.7709999999999999,0.625,0.155,0.13,6.379,31
2018,Qatar,Middle East and Northern Africa,1.649,1.3030000000000002,0.748,0.654,0.171,0.256,6.374,32
2018,Saudi Arabia,Middle East and Northern Africa,1.379,1.331,0.633,0.509,0.127,0.098,6.371,33
2018,Singapore,Southeastern Asia,1.5290000000000001,1.4509999999999998,1.008,0.631,0.457,0.261,6.343,34
2018,Malaysia,Southeastern Asia,1.161,1.258,0.669,0.35600000000000004,0.059000000000000004,0.311,6.322,35
2018,Spain,Western Europe,1.251,1.538,0.965,0.449,0.07400000000000001,0.142,6.31,36
2018,Colombia,Latin America and Caribbean,0.96,1.439,0.635,0.531,0.039,0.099,6.26,37
2018,Slovakia,Central and Eastern Europe,1.21,1.537,0.7759999999999999,0.354,0.013999999999999999,0.11800000000000001,6.172999999999999,39
2018,El Salvador,Latin America and Caribbean,0.8059999999999999,1.2309999999999999,0.639,0.461,0.08199999999999999,0.065,6.167000000000001,40
2018,Nicaragua,Latin America and Caribbean,0.6679999999999999,1.319,0.7,0.527,0.128,0.20800000000000002,6.141,41
2018,Poland,Central and Eastern Europe,1.176,1.4480000000000002,0.7809999999999999,0.546,0.064,0.10800000000000001,6.122999999999999,42
2018,Bahrain,Middle East and Northern Africa,1.338,1.3659999999999999,0.698,0.594,0.12300000000000001,0.243,6.105,43
2018,Uzbekistan,Central and Eastern Europe,0.7190000000000001,1.584,0.605,0.7240000000000001,0.259,0.32799999999999996,6.096,44
2018,Kuwait,Middle East and Northern Africa,1.474,1.301,0.675,0.5539999999999999,0.106,0.16699999999999998,6.082999999999999,45
2018,Thailand,Southeastern Asia,1.016,1.4169999999999998,0.7070000000000001,0.637,0.028999999999999998,0.364,6.072,46
2018,Italy,Western Europe,1.264,1.501,0.946,0.281,0.027999999999999997,0.13699999999999998,6.0,47
2018,Ecuador,Latin America and Caribbean,0.889,1.33,0.736,0.556,0.12,0.114,5.973,48
2018,Belize,Latin America and Caribbean,0.807,1.101,0.474,0.593,0.08900000000000001,0.183,5.956,49
2018,Lithuania,Central and Eastern Europe,1.197,1.527,0.716,0.35,0.006,0.026000000000000002,5.952000000000001,50
2018,Slovenia,Central and Eastern Europe,1.219,1.506,0.856,0.633,0.051,0.16,5.9479999999999995,51
2018,Romania,Central and Eastern Europe,1.1159999999999999,1.219,0.726,0.528,0.001,0.08800000000000001,5.945,52
2018,Latvia,Central and Eastern Europe,1.148,1.454,0.6709999999999999,0.363,0.066,0.092,5.933,53
2018,Japan,Eastern Asia,1.294,1.462,0.988,0.5529999999999999,0.15,0.079,5.915,54
2018,Mauritius,Sub-Saharan Africa,1.09,1.3869999999999998,0.684,0.584,0.05,0.245,5.891,55
2018,Jamaica,Latin America and Caribbean,0.8190000000000001,1.493,0.693,0.575,0.031,0.096,5.89,56
2018,South Korea,Eastern Asia,1.266,1.204,0.955,0.244,0.051,0.175,5.875,57
2018,Russia,Central and Eastern Europe,1.151,1.479,0.599,0.39899999999999997,0.025,0.065,5.81,59
2018,Kazakhstan,Central and Eastern Europe,1.143,1.516,0.631,0.45399999999999996,0.121,0.14800000000000002,5.79,60
2018,Cyprus,Western Europe,1.229,1.1909999999999998,0.909,0.423,0.035,0.20199999999999999,5.7620000000000005,61
2018,Bolivia,Latin America and Caribbean,0.7509999999999999,1.2229999999999999,0.508,0.606,0.054000000000000006,0.141,5.752000000000001,62
2018,Estonia,Central and Eastern Europe,1.2,1.5319999999999998,0.737,0.5529999999999999,0.174,0.086,5.739,63
2018,Paraguay,Latin America and Caribbean,0.835,1.5219999999999998,0.615,0.541,0.07400000000000001,0.162,5.681,64
2018,Peru,Latin America and Caribbean,0.934,1.249,0.674,0.53,0.034,0.092,5.662999999999999,65
2018,Kosovo,Central and Eastern Europe,0.855,1.23,0.578,0.44799999999999995,0.023,0.27399999999999997,5.662000000000001,66
2018,Moldova,Central and Eastern Europe,0.657,1.301,0.62,0.23199999999999998,0.0,0.171,5.64,67
2018,Turkmenistan,Central and Eastern Europe,1.016,1.5330000000000001,0.517,0.41700000000000004,0.037000000000000005,0.19899999999999998,5.636,68
2018,Hungary,Central and Eastern Europe,1.171,1.401,0.732,0.259,0.022000000000000002,0.061,5.62,69
2018,Libya,Middle East and Northern Africa,0.985,1.35,0.5529999999999999,0.496,0.14800000000000002,0.11599999999999999,5.566,70
2018,Philippines,Southeastern Asia,0.775,1.3119999999999998,0.513,0.643,0.105,0.12,5.524,71
2018,Honduras,Latin America and Caribbean,0.62,1.205,0.622,0.45899999999999996,0.07400000000000001,0.19699999999999998,5.504,72
2018,Belarus,Central and Eastern Europe,1.0390000000000001,1.4980000000000002,0.7,0.307,0.154,0.10099999999999999,5.483,73
2018,Turkey,Middle East and Northern Africa,1.148,1.38,0.6859999999999999,0.324,0.109,0.106,5.483,74
2018,Pakistan,Southern Asia,0.652,0.81,0.424,0.33399999999999996,0.113,0.21600000000000003,5.472,75
2018,Hong Kong,Eastern Asia,1.405,1.29,1.03,0.524,0.29100000000000004,0.24600000000000002,5.43,76
2018,Portugal,Western Europe,1.188,1.429,0.884,0.562,0.017,0.055,5.41,77
2018,Serbia,Central and Eastern Europe,0.975,1.369,0.685,0.28800000000000003,0.043,0.134,5.398,78
2018,Greece,Western Europe,1.1540000000000001,1.202,0.879,0.131,0.044000000000000004,0.0,5.358,79
2018,Lebanon,Middle East and Northern Africa,0.965,1.179,0.785,0.503,0.136,0.214,5.358,80
2018,Montenegro,Central and Eastern Europe,1.0170000000000001,1.2790000000000001,0.7290000000000001,0.259,0.081,0.111,5.347,81
2018,Croatia,Central and Eastern Europe,1.115,1.161,0.737,0.38,0.039,0.12,5.321000000000001,82
2018,Dominican Republic,Latin America and Caribbean,0.982,1.4409999999999998,0.614,0.578,0.106,0.12,5.3020000000000005,83
2018,Algeria,Middle East and Northern Africa,0.9790000000000001,1.1540000000000001,0.687,0.077,0.135,0.055,5.295,84
2018,Morocco,Middle East and Northern Africa,0.779,0.797,0.669,0.46,0.07400000000000001,0.026000000000000002,5.254,85
2018,China,Eastern Asia,0.9890000000000001,1.1420000000000001,0.799,0.597,0.10300000000000001,0.028999999999999998,5.246,86
2018,Azerbaijan,Central and Eastern Europe,1.024,1.161,0.603,0.43,0.17600000000000002,0.031,5.2010000000000005,87
2018,Tajikistan,Central and Eastern Europe,0.474,1.166,0.598,0.292,0.034,0.187,5.199,88
2018,Macedonia,Central and Eastern Europe,0.9590000000000001,1.239,0.691,0.39399999999999996,0.052000000000000005,0.17300000000000001,5.185,89
2018,Jordan,Middle East and Northern Africa,0.8220000000000001,1.265,0.645,0.46799999999999997,0.134,0.13,5.1610000000000005,90
2018,Nigeria,Sub-Saharan Africa,0.6890000000000001,1.172,0.048,0.462,0.032,0.201,5.155,91
2018,Kyrgyzstan,Central and Eastern Europe,0.53,1.416,0.594,0.54,0.035,0.281,5.131,92
2018,Bosnia and Herzegovina,Central and Eastern Europe,0.915,1.078,0.758,0.28,0.0,0.21600000000000003,5.129,93
2018,Mongolia,Eastern Asia,0.914,1.517,0.575,0.395,0.032,0.253,5.125,94
2018,Vietnam,Southeastern Asia,0.715,1.365,0.7020000000000001,0.618,0.079,0.177,5.103,95
2018,Indonesia,Southeastern Asia,0.899,1.215,0.522,0.5379999999999999,0.018000000000000002,0.484,5.093,96
2018,Bhutan,Southern Asia,0.7959999999999999,1.335,0.527,0.541,0.171,0.364,5.082,97
2018,Somalia,Sub-Saharan Africa,0.0,0.7120000000000001,0.115,0.674,0.282,0.23800000000000002,4.982,98
2018,Cameroon,Sub-Saharan Africa,0.535,0.8909999999999999,0.182,0.45399999999999996,0.043,0.183,4.975,99
2018,Bulgaria,Central and Eastern Europe,1.054,1.515,0.7120000000000001,0.359,0.009000000000000001,0.064,4.933,100
2018,Nepal,Southern Asia,0.425,1.228,0.539,0.526,0.078,0.302,4.88,101
2018,Venezuela,Latin America and Caribbean,0.996,1.469,0.657,0.133,0.052000000000000005,0.055999999999999994,4.806,102
2018,Gabon,Sub-Saharan Africa,1.036,1.1640000000000001,0.40399999999999997,0.35600000000000004,0.052000000000000005,0.032,4.758,103
2018,Palestinian Territories,Middle East and Northern Africa,0.642,1.217,0.602,0.266,0.076,0.086,4.743,104
2018,South Africa,Sub-Saharan Africa,0.94,1.41,0.33,0.516,0.055999999999999994,0.10300000000000001,4.724,105
2018,Iran,Middle East and Northern Africa,1.0590000000000002,0.7709999999999999,0.691,0.45899999999999996,0.129,0.282,4.707,106
2018,Ivory Coast,Sub-Saharan Africa,0.541,0.872,0.08,0.467,0.10300000000000001,0.146,4.671,107
2018,Ghana,Sub-Saharan Africa,0.5920000000000001,0.8959999999999999,0.337,0.499,0.028999999999999998,0.212,4.657,108
2018,Senegal,Sub-Saharan Africa,0.429,1.117,0.433,0.406,0.08199999999999999,0.138,4.631,109
2018,Laos,Southeastern Asia,0.72,1.034,0.441,0.626,0.174,0.23,4.623,110
2018,Tunisia,Middle East and Northern Africa,0.9,0.9059999999999999,0.69,0.271,0.063,0.04,4.592,111
2018,Albania,Central and Eastern Europe,0.9159999999999999,0.8170000000000001,0.79,0.419,0.032,0.149,4.586,112
2018,Sierra Leone,Sub-Saharan Africa,0.256,0.813,0.0,0.355,0.053,0.23800000000000002,4.571000000000001,113
2018,Congo (Brazzaville),Sub-Saharan Africa,0.682,0.8109999999999999,0.34299999999999997,0.514,0.077,0.091,4.559,114
2018,Bangladesh,Southern Asia,0.532,0.85,0.579,0.58,0.14400000000000002,0.153,4.5,115
2018,Sri Lanka,Southern Asia,0.9179999999999999,1.314,0.672,0.585,0.05,0.307,4.471,116
2018,Iraq,Middle East and Northern Africa,1.01,0.971,0.536,0.304,0.095,0.14800000000000002,4.456,117
2018,Mali,Sub-Saharan Africa,0.37,1.2329999999999999,0.152,0.36700000000000005,0.055999999999999994,0.139,4.447,118
2018,Namibia,Sub-Saharan Africa,0.8740000000000001,1.281,0.365,0.519,0.064,0.051,4.441,119
2018,Cambodia,Southeastern Asia,0.5489999999999999,1.088,0.457,0.696,0.065,0.256,4.433,120
2018,Burkina Faso,Sub-Saharan Africa,0.314,1.097,0.254,0.312,0.128,0.175,4.4239999999999995,121
2018,Egypt,Middle East and Northern Africa,0.885,1.025,0.5529999999999999,0.312,0.107,0.092,4.419,122
2018,Kenya,Sub-Saharan Africa,0.493,1.048,0.45399999999999996,0.504,0.055,0.35200000000000004,4.41,124
2018,Zambia,Sub-Saharan Africa,0.562,1.047,0.295,0.503,0.08199999999999999,0.221,4.377,125
2018,Mauritania,Sub-Saharan Africa,0.557,1.245,0.292,0.129,0.09300000000000001,0.134,4.356,126
2018,Ethiopia,Sub-Saharan Africa,0.308,0.95,0.391,0.452,0.146,0.22,4.35,127
2018,Georgia,Central and Eastern Europe,0.853,0.5920000000000001,0.643,0.375,0.215,0.038,4.34,128
2018,Armenia,Central and Eastern Europe,0.816,0.99,0.6659999999999999,0.26,0.027999999999999997,0.077,4.321000000000001,129
2018,Myanmar,Southeastern Asia,0.682,1.1740000000000002,0.429,0.58,0.17800000000000002,0.598,4.308,130
2018,Chad,Sub-Saharan Africa,0.358,0.907,0.053,0.18899999999999997,0.06,0.18100000000000002,4.301,131
2018,Congo (Kinshasa),Sub-Saharan Africa,0.069,1.136,0.204,0.312,0.052000000000000005,0.19699999999999998,4.245,132
2018,India,Southern Asia,0.721,0.747,0.485,0.539,0.09300000000000001,0.172,4.19,133
2018,Niger,Sub-Saharan Africa,0.131,0.867,0.221,0.39,0.099,0.175,4.166,134
2018,Uganda,Sub-Saharan Africa,0.322,1.09,0.237,0.45,0.061,0.259,4.1610000000000005,135
2018,Benin,Sub-Saharan Africa,0.37799999999999995,0.37200000000000005,0.24,0.44,0.067,0.163,4.141,136
2018,Sudan,Sub-Saharan Africa,0.605,1.24,0.312,0.016,0.08199999999999999,0.134,4.138999999999999,137
2018,Ukraine,Central and Eastern Europe,0.7929999999999999,1.413,0.609,0.163,0.011000000000000001,0.187,4.103,138
2018,Togo,Sub-Saharan Africa,0.259,0.474,0.253,0.434,0.10099999999999999,0.158,3.9989999999999997,139
2018,Guinea,Sub-Saharan Africa,0.344,0.792,0.21100000000000002,0.39399999999999996,0.094,0.185,3.964,140
2018,Angola,Sub-Saharan Africa,0.73,1.125,0.26899999999999996,0.0,0.061,0.079,3.795,142
2018,Madagascar,Sub-Saharan Africa,0.262,0.9079999999999999,0.402,0.221,0.049,0.155,3.7739999999999996,143
2018,Zimbabwe,Sub-Saharan Africa,0.35700000000000004,1.094,0.248,0.406,0.099,0.132,3.6919999999999997,144
2018,Afghanistan,Southern Asia,0.332,0.537,0.255,0.085,0.036000000000000004,0.191,3.6319999999999997,145
2018,Botswana,Sub-Saharan Africa,1.0170000000000001,1.1740000000000002,0.41700000000000004,0.557,0.092,0.042,3.59,146
2018,Malawi,Sub-Saharan Africa,0.18600000000000003,0.541,0.306,0.531,0.08,0.21,3.5869999999999997,147
2018,Haiti,Latin America and Caribbean,0.315,0.7140000000000001,0.289,0.025,0.10400000000000001,0.392,3.582,148
2018,Liberia,Sub-Saharan Africa,0.076,0.858,0.267,0.419,0.03,0.20600000000000002,3.495,149
2018,Syria,Middle East and Northern Africa,0.6890000000000001,0.382,0.539,0.08800000000000001,0.14400000000000002,0.376,3.4619999999999997,150
2018,Rwanda,Sub-Saharan Africa,0.332,0.8959999999999999,0.4,0.636,0.444,0.2,3.408,151
2018,Yemen,Middle East and Northern Africa,0.442,1.073,0.34299999999999997,0.244,0.064,0.083,3.355,152
2018,Tanzania,Sub-Saharan Africa,0.455,0.991,0.381,0.48100000000000004,0.09699999999999999,0.27,3.303,153
2018,South Sudan,Sub-Saharan Africa,0.337,0.608,0.177,0.11199999999999999,0.106,0.22399999999999998,3.2539999999999996,154
2018,Burundi,Sub-Saharan Africa,0.091,0.627,0.145,0.065,0.076,0.149,2.905,156
2019,Finland,Western Europe,1.34,1.587,0.986,0.596,0.39299999999999996,0.153,7.769,1
2019,Denmark,Western Europe,1.383,1.5730000000000002,0.996,0.5920000000000001,0.41,0.252,7.6,2
2019,Norway,Western Europe,1.4880000000000002,1.5819999999999999,1.028,0.603,0.341,0.271,7.553999999999999,3
2019,Iceland,Western Europe,1.38,1.624,1.026,0.591,0.11800000000000001,0.354,7.494,4
2019,Netherlands,Western Europe,1.396,1.5219999999999998,0.9990000000000001,0.557,0.298,0.322,7.4879999999999995,5
2019,Switzerland,Western Europe,1.452,1.526,1.052,0.5720000000000001,0.34299999999999997,0.263,7.48,6
2019,Sweden,Western Europe,1.3869999999999998,1.4869999999999999,1.0090000000000001,0.574,0.373,0.267,7.343,7
2019,New Zealand,Australia and New Zealand,1.3030000000000002,1.557,1.026,0.585,0.38,0.33,7.307,8
2019,Canada,North America,1.365,1.505,1.0390000000000001,0.584,0.308,0.285,7.278,9
2019,Austria,Western Europe,1.376,1.475,1.016,0.532,0.226,0.244,7.246,10
2019,Australia,Australia and New Zealand,1.3719999999999999,1.548,1.036,0.557,0.29,0.332,7.228,11
2019,Costa Rica,Latin America and Caribbean,1.034,1.4409999999999998,0.963,0.5579999999999999,0.09300000000000001,0.14400000000000002,7.167000000000001,12
2019,Israel,Middle East and Northern Africa,1.276,1.455,1.0290000000000001,0.371,0.08199999999999999,0.261,7.138999999999999,13
2019,Luxembourg,Western Europe,1.609,1.479,1.012,0.526,0.316,0.19399999999999998,7.09,14
2019,United Kingdom,Western Europe,1.3330000000000002,1.538,0.996,0.45,0.278,0.348,7.053999999999999,15
2019,Ireland,Western Europe,1.499,1.5530000000000002,0.9990000000000001,0.516,0.31,0.298,7.021,16
2019,Germany,Western Europe,1.3730000000000002,1.454,0.987,0.495,0.265,0.261,6.985,17
2019,Belgium,Western Europe,1.3559999999999999,1.504,0.986,0.473,0.21,0.16,6.922999999999999,18
2019,United States,North America,1.433,1.4569999999999999,0.8740000000000001,0.45399999999999996,0.128,0.28,6.892,19
2019,Czech Republic,Central and Eastern Europe,1.2690000000000001,1.4869999999999999,0.92,0.457,0.036000000000000004,0.046,6.852,20
2019,United Arab Emirates,Middle East and Northern Africa,1.5030000000000001,1.31,0.825,0.598,0.182,0.262,6.825,21
2019,Malta,Western Europe,1.3,1.52,0.9990000000000001,0.564,0.151,0.375,6.726,22
2019,Mexico,Latin America and Caribbean,1.07,1.3230000000000002,0.861,0.433,0.073,0.07400000000000001,6.595,23
2019,France,Western Europe,1.324,1.472,1.045,0.436,0.183,0.111,6.5920000000000005,24
2019,Taiwan,Eastern Asia,1.368,1.43,0.914,0.35100000000000003,0.09699999999999999,0.242,6.446000000000001,25
2019,Chile,Latin America and Caribbean,1.159,1.369,0.92,0.35700000000000004,0.055999999999999994,0.187,6.444,26
2019,Guatemala,Latin America and Caribbean,0.8,1.2690000000000001,0.746,0.535,0.078,0.175,6.436,27
2019,Saudi Arabia,Middle East and Northern Africa,1.403,1.357,0.795,0.439,0.132,0.08,6.375,28
2019,Qatar,Middle East and Northern Africa,1.6840000000000002,1.3130000000000002,0.871,0.555,0.16699999999999998,0.22,6.374,29
2019,Spain,Western Europe,1.286,1.484,1.062,0.36200000000000004,0.079,0.153,6.354,30
2019,Panama,Latin America and Caribbean,1.149,1.442,0.91,0.516,0.054000000000000006,0.109,6.321000000000001,31
2019,Brazil,Latin America and Caribbean,1.004,1.439,0.802,0.39,0.086,0.099,6.3,32
2019,Uruguay,Latin America and Caribbean,1.124,1.465,0.8909999999999999,0.523,0.15,0.127,6.292999999999999,33
2019,Singapore,Southeastern Asia,1.5719999999999998,1.463,1.141,0.556,0.45299999999999996,0.271,6.2620000000000005,34
2019,El Salvador,Latin America and Caribbean,0.794,1.242,0.789,0.43,0.07400000000000001,0.09300000000000001,6.252999999999999,35
2019,Italy,Western Europe,1.294,1.4880000000000002,1.0390000000000001,0.231,0.03,0.158,6.223,36
2019,Bahrain,Middle East and Northern Africa,1.3619999999999999,1.368,0.871,0.536,0.11,0.255,6.199,37
2019,Slovakia,Central and Eastern Europe,1.246,1.504,0.8809999999999999,0.33399999999999996,0.013999999999999999,0.121,6.1979999999999995,38
2019,Poland,Central and Eastern Europe,1.206,1.4380000000000002,0.884,0.483,0.05,0.11699999999999999,6.182,40
2019,Uzbekistan,Central and Eastern Europe,0.745,1.5290000000000001,0.7559999999999999,0.631,0.24,0.322,6.1739999999999995,41
2019,Lithuania,Central and Eastern Europe,1.238,1.515,0.818,0.29100000000000004,0.042,0.043,6.149,42
2019,Colombia,Latin America and Caribbean,0.985,1.41,0.841,0.47,0.034,0.099,6.125,43
2019,Slovenia,Central and Eastern Europe,1.258,1.5230000000000001,0.953,0.564,0.057,0.14400000000000002,6.117999999999999,44
2019,Nicaragua,Latin America and Caribbean,0.6940000000000001,1.325,0.835,0.435,0.127,0.2,6.105,45
2019,Kosovo,Central and Eastern Europe,0.882,1.232,0.758,0.489,0.006,0.262,6.1,46
2019,Argentina,Latin America and Caribbean,1.092,1.432,0.8809999999999999,0.47100000000000003,0.05,0.066,6.086,47
2019,Romania,Central and Eastern Europe,1.162,1.232,0.825,0.462,0.005,0.083,6.07,48
2019,Cyprus,Western Europe,1.263,1.2229999999999999,1.042,0.406,0.040999999999999995,0.19,6.046,49
2019,Ecuador,Latin America and Caribbean,0.912,1.3119999999999998,0.868,0.498,0.087,0.126,6.028,50
2019,Kuwait,Middle East and Northern Africa,1.5,1.319,0.8079999999999999,0.493,0.09699999999999999,0.142,6.021,51
2019,Thailand,Southeastern Asia,1.05,1.409,0.828,0.557,0.027999999999999997,0.359,6.007999999999999,52
2019,Latvia,Central and Eastern Europe,1.187,1.465,0.812,0.264,0.064,0.075,5.94,53
2019,South Korea,Eastern Asia,1.301,1.219,1.036,0.159,0.055999999999999994,0.175,5.895,54
2019,Estonia,Central and Eastern Europe,1.237,1.528,0.8740000000000001,0.495,0.161,0.10300000000000001,5.893,55
2019,Jamaica,Latin America and Caribbean,0.831,1.4780000000000002,0.831,0.49,0.027999999999999997,0.107,5.89,56
2019,Mauritius,Sub-Saharan Africa,1.12,1.402,0.7979999999999999,0.498,0.06,0.215,5.888,57
2019,Japan,Eastern Asia,1.327,1.419,1.088,0.445,0.14,0.069,5.886,58
2019,Honduras,Latin America and Caribbean,0.642,1.236,0.828,0.507,0.078,0.24600000000000002,5.86,59
2019,Kazakhstan,Central and Eastern Europe,1.173,1.508,0.7290000000000001,0.41,0.096,0.146,5.809,60
2019,Bolivia,Latin America and Caribbean,0.7759999999999999,1.209,0.706,0.511,0.064,0.13699999999999998,5.779,61
2019,Hungary,Central and Eastern Europe,1.2009999999999998,1.41,0.828,0.19899999999999998,0.02,0.081,5.757999999999999,62
2019,Paraguay,Latin America and Caribbean,0.855,1.475,0.777,0.514,0.08,0.184,5.742999999999999,63
2019,Peru,Latin America and Caribbean,0.96,1.274,0.8540000000000001,0.455,0.027000000000000003,0.083,5.697,65
2019,Portugal,Western Europe,1.2209999999999999,1.431,0.9990000000000001,0.508,0.025,0.047,5.693,66
2019,Pakistan,Southern Asia,0.677,0.8859999999999999,0.535,0.313,0.098,0.22,5.653,67
2019,Russia,Central and Eastern Europe,1.183,1.452,0.726,0.33399999999999996,0.031,0.08199999999999999,5.648,68
2019,Philippines,Southeastern Asia,0.807,1.2930000000000001,0.657,0.5579999999999999,0.107,0.11699999999999999,5.631,69
2019,Serbia,Central and Eastern Europe,1.004,1.383,0.8540000000000001,0.282,0.039,0.13699999999999998,5.603,70
2019,Moldova,Central and Eastern Europe,0.685,1.328,0.7390000000000001,0.245,0.0,0.18100000000000002,5.529,71
2019,Libya,Middle East and Northern Africa,1.044,1.3030000000000002,0.6729999999999999,0.41600000000000004,0.152,0.133,5.525,72
2019,Montenegro,Central and Eastern Europe,1.051,1.361,0.871,0.19699999999999998,0.08,0.142,5.523,73
2019,Tajikistan,Central and Eastern Europe,0.493,1.0979999999999999,0.718,0.389,0.14400000000000002,0.23,5.4670000000000005,74
2019,Croatia,Central and Eastern Europe,1.155,1.266,0.914,0.29600000000000004,0.022000000000000002,0.11900000000000001,5.432,75
2019,Hong Kong,Eastern Asia,1.4380000000000002,1.2770000000000001,1.122,0.44,0.287,0.258,5.43,76
2019,Dominican Republic,Latin America and Caribbean,1.015,1.401,0.779,0.49700000000000005,0.10099999999999999,0.113,5.425,77
2019,Bosnia and Herzegovina,Central and Eastern Europe,0.945,1.212,0.845,0.212,0.006,0.263,5.386,78
2019,Turkey,Middle East and Northern Africa,1.183,1.36,0.8079999999999999,0.195,0.106,0.083,5.372999999999999,79
2019,Malaysia,Southeastern Asia,1.2209999999999999,1.171,0.828,0.508,0.024,0.26,5.3389999999999995,80
2019,Belarus,Central and Eastern Europe,1.067,1.465,0.789,0.235,0.142,0.094,5.3229999999999995,81
2019,Greece,Western Europe,1.181,1.156,0.9990000000000001,0.067,0.034,0.0,5.287000000000001,82
2019,Mongolia,Eastern Asia,0.948,1.531,0.667,0.317,0.038,0.235,5.285,83
2019,Nigeria,Sub-Saharan Africa,0.696,1.111,0.245,0.426,0.040999999999999995,0.215,5.265,85
2019,Kyrgyzstan,Central and Eastern Europe,0.551,1.4380000000000002,0.723,0.508,0.023,0.3,5.261,86
2019,Turkmenistan,Central and Eastern Europe,1.052,1.538,0.657,0.39399999999999996,0.027999999999999997,0.244,5.247000000000001,87
2019,Algeria,Middle East and Northern Africa,1.002,1.16,0.785,0.086,0.114,0.073,5.211,88
2019,Morocco,Middle East and Northern Africa,0.8009999999999999,0.782,0.782,0.418,0.076,0.036000000000000004,5.207999999999999,89
2019,Azerbaijan,Central and Eastern Europe,1.043,1.147,0.769,0.35100000000000003,0.182,0.035,5.207999999999999,90
2019,Lebanon,Middle East and Northern Africa,0.987,1.224,0.815,0.21600000000000003,0.027000000000000003,0.166,5.197,91
2019,Indonesia,Southeastern Asia,0.9309999999999999,1.203,0.66,0.491,0.027999999999999997,0.498,5.192,92
2019,China,Eastern Asia,1.0290000000000001,1.125,0.893,0.521,0.1,0.057999999999999996,5.191,93
2019,Vietnam,Southeastern Asia,0.741,1.3459999999999999,0.851,0.5429999999999999,0.073,0.147,5.175,94
2019,Bhutan,Southern Asia,0.813,1.321,0.604,0.457,0.16699999999999998,0.37,5.082,95
2019,Cameroon,Sub-Saharan Africa,0.5489999999999999,0.91,0.331,0.381,0.037000000000000005,0.187,5.044,96
2019,Bulgaria,Central and Eastern Europe,1.092,1.5130000000000001,0.815,0.311,0.004,0.081,5.011,97
2019,Ghana,Sub-Saharan Africa,0.611,0.868,0.486,0.381,0.04,0.245,4.996,98
2019,Ivory Coast,Sub-Saharan Africa,0.569,0.8079999999999999,0.23199999999999998,0.35200000000000004,0.09,0.154,4.944,99
2019,Nepal,Southern Asia,0.446,1.226,0.677,0.439,0.08900000000000001,0.285,4.913,100
2019,Jordan,Middle East and Northern Africa,0.8370000000000001,1.225,0.815,0.38299999999999995,0.13,0.11,4.906000000000001,101
2019,Benin,Sub-Saharan Africa,0.39299999999999996,0.43700000000000006,0.397,0.349,0.08199999999999999,0.175,4.883,102
2019,Congo (Brazzaville),Sub-Saharan Africa,0.6729999999999999,0.799,0.508,0.37200000000000005,0.09300000000000001,0.105,4.812,103
2019,Gabon,Sub-Saharan Africa,1.057,1.183,0.5710000000000001,0.295,0.055,0.043,4.7989999999999995,104
2019,Laos,Southeastern Asia,0.764,1.03,0.551,0.547,0.16399999999999998,0.266,4.796,105
2019,South Africa,Sub-Saharan Africa,0.96,1.351,0.469,0.389,0.055,0.13,4.7219999999999995,106
2019,Albania,Central and Eastern Europe,0.9470000000000001,0.848,0.8740000000000001,0.38299999999999995,0.027000000000000003,0.17800000000000002,4.718999999999999,107
2019,Venezuela,Latin America and Caribbean,0.96,1.4269999999999998,0.805,0.154,0.047,0.064,4.707,108
2019,Cambodia,Southeastern Asia,0.574,1.122,0.637,0.609,0.062,0.23199999999999998,4.7,109
2019,Palestinian Territories,Middle East and Northern Africa,0.657,1.247,0.672,0.225,0.066,0.10300000000000001,4.696000000000001,110
2019,Senegal,Sub-Saharan Africa,0.45,1.1340000000000001,0.5710000000000001,0.292,0.07200000000000001,0.153,4.681,111
2019,Niger,Sub-Saharan Africa,0.138,0.774,0.366,0.318,0.102,0.188,4.628,114
2019,Burkina Faso,Sub-Saharan Africa,0.331,1.056,0.38,0.255,0.113,0.177,4.587,115
2019,Armenia,Central and Eastern Europe,0.85,1.055,0.815,0.28300000000000003,0.064,0.095,4.559,116
2019,Iran,Middle East and Northern Africa,1.1,0.8420000000000001,0.785,0.305,0.125,0.27,4.548,117
2019,Guinea,Sub-Saharan Africa,0.38,0.8290000000000001,0.375,0.332,0.086,0.207,4.534,118
2019,Georgia,Central and Eastern Europe,0.8859999999999999,0.6659999999999999,0.752,0.34600000000000003,0.16399999999999998,0.043,4.519,119
2019,Kenya,Sub-Saharan Africa,0.512,0.983,0.581,0.431,0.053,0.37200000000000005,4.5089999999999995,121
2019,Mauritania,Sub-Saharan Africa,0.57,1.167,0.489,0.066,0.08800000000000001,0.106,4.49,122
2019,Mozambique,Sub-Saharan Africa,0.204,0.986,0.39,0.494,0.138,0.19699999999999998,4.466,123
2019,Tunisia,Middle East and Northern Africa,0.9209999999999999,1.0,0.815,0.16699999999999998,0.055,0.059000000000000004,4.461,124
2019,Bangladesh,Southern Asia,0.562,0.9279999999999999,0.723,0.527,0.14300000000000002,0.166,4.456,125
2019,Iraq,Middle East and Northern Africa,1.043,0.98,0.574,0.24100000000000002,0.08900000000000001,0.14800000000000002,4.437,126
2019,Congo (Kinshasa),Sub-Saharan Africa,0.094,1.125,0.35700000000000004,0.26899999999999996,0.053,0.212,4.418,127
2019,Mali,Sub-Saharan Africa,0.385,1.105,0.308,0.327,0.052000000000000005,0.153,4.39,128
2019,Sierra Leone,Sub-Saharan Africa,0.268,0.841,0.242,0.309,0.045,0.252,4.374,129
2019,Sri Lanka,Southern Asia,0.9490000000000001,1.265,0.831,0.47,0.047,0.244,4.3660000000000005,130
2019,Myanmar,Southeastern Asia,0.71,1.181,0.555,0.525,0.172,0.5660000000000001,4.36,131
2019,Chad,Sub-Saharan Africa,0.35,0.7659999999999999,0.192,0.174,0.078,0.198,4.35,132
2019,Ukraine,Central and Eastern Europe,0.82,1.39,0.7390000000000001,0.17800000000000002,0.01,0.187,4.332,133
2019,Ethiopia,Sub-Saharan Africa,0.336,1.033,0.532,0.344,0.1,0.209,4.2860000000000005,134
2019,Swaziland,Sub-Saharan Africa,0.8109999999999999,1.149,0.0,0.313,0.135,0.07400000000000001,4.212,135
2019,Uganda,Sub-Saharan Africa,0.332,1.069,0.44299999999999995,0.35600000000000004,0.06,0.252,4.189,136
2019,Egypt,Middle East and Northern Africa,0.9129999999999999,1.0390000000000001,0.644,0.24100000000000002,0.067,0.076,4.166,137
2019,Zambia,Sub-Saharan Africa,0.578,1.058,0.426,0.431,0.087,0.247,4.107,138
2019,Togo,Sub-Saharan Africa,0.275,0.5720000000000001,0.41,0.293,0.085,0.177,4.085,139
2019,India,Southern Asia,0.755,0.765,0.588,0.498,0.085,0.2,4.015,140
2019,Liberia,Sub-Saharan Africa,0.073,0.922,0.44299999999999995,0.37,0.033,0.233,3.975,141
2019,Comoros,Sub-Saharan Africa,0.27399999999999997,0.757,0.505,0.142,0.078,0.275,3.9730000000000003,142
2019,Madagascar,Sub-Saharan Africa,0.27399999999999997,0.9159999999999999,0.555,0.14800000000000002,0.040999999999999995,0.16899999999999998,3.9330000000000003,143
2019,Lesotho,Sub-Saharan Africa,0.489,1.169,0.168,0.359,0.09300000000000001,0.107,3.802,144
2019,Burundi,Sub-Saharan Africa,0.046,0.447,0.38,0.22,0.18,0.17600000000000002,3.775,145
2019,Zimbabwe,Sub-Saharan Africa,0.366,1.114,0.433,0.361,0.08900000000000001,0.151,3.6630000000000003,146
2019,Haiti,Latin America and Caribbean,0.32299999999999995,0.688,0.449,0.026000000000000002,0.11,0.419,3.597,147
2019,Botswana,Sub-Saharan Africa,1.041,1.145,0.5379999999999999,0.455,0.1,0.025,3.488,148
2019,Syria,Middle East and Northern Africa,0.619,0.37799999999999995,0.44,0.013000000000000001,0.141,0.331,3.4619999999999997,149
2019,Malawi,Sub-Saharan Africa,0.191,0.56,0.495,0.44299999999999995,0.08900000000000001,0.218,3.41,150
2019,Yemen,Middle East and Northern Africa,0.287,1.163,0.46299999999999997,0.14300000000000002,0.077,0.10800000000000001,3.38,151
2019,Rwanda,Sub-Saharan Africa,0.359,0.711,0.614,0.555,0.41100000000000003,0.217,3.3339999999999996,152
2019,Tanzania,Sub-Saharan Africa,0.47600000000000003,0.885,0.499,0.41700000000000004,0.147,0.276,3.2310000000000003,153
2019,Afghanistan,Southern Asia,0.35,0.517,0.361,0.0,0.025,0.158,3.2030000000000003,154
2019,Central African Republic,Sub-Saharan Africa,0.026000000000000002,0.0,0.105,0.225,0.035,0.235,3.083,155
